day,code,return_pct,block
2024-01-02,002177,-1.4344262295082026,数字人民币
2024-01-02,002952,0.0,参股三板精选层
2024-01-02,603396,-1.8629407850964694,辽宁
2024-01-03,002177,-8.938547486033526,数字人民币
2024-01-03,603530,0.0,直流输电
2024-01-03,603577,-1.4308426073131935,直流输电
2024-01-04,000595,-13.188405797101451,新基建
2024-01-04,002358,-7.707910750507098,柔性直流输电
2024-01-04,603577,-21.60404624277457,新基建
2024-01-05,000691,-8.906250000000004,深ST板
2024-01-05,000820,-24.173913043478255,深ST板
2024-01-05,603177,-0.5826656955571745,次新股
2024-01-05,603628,-3.72852953498115,次新股
2024-01-08,000715,10.035842293906832,东北振兴
2024-01-08,000978,-3.985507246376802,公共设施
2024-01-08,002620,-4.095563139931744,深ST板
2024-01-08,002780,-7.133917396745935,体育产业
2024-01-08,600593,6.135986733001663,东北振兴
2024-01-08,603099,9.991708126036485,东北振兴
2024-01-09,000546,-5.924412665985683,吉林
2024-01-09,000679,-1.9667170953101345,振兴东北
2024-01-09,600593,0.4823635815495827,东北振兴
2024-01-09,601188,2.0325203252032447,东北振兴
2024-01-09,603136,-1.124121779859494,公共设施
2024-01-09,603199,1.0825439783491213,公共设施
2024-01-11,000638,-4.120879120879118,振兴东北
2024-01-12,000638,10.013003901170357,振兴东北
2024-01-12,000715,-19.183673469387752,IP经济(谷子经济)
2024-01-12,002606,0.23068050749711155,养老金持股
2024-01-12,002887,-11.220472440944887,IP经济(谷子经济)
2024-01-12,300810,-10.080645161290322,养老金持股
2024-01-12,601086,-17.80821917808219,IP经济(谷子经济)
2024-01-12,603109,3.179029559397659,养老金持股
2024-01-15,002140,-2.531645569620251,新型城镇化
2024-01-15,003000,-6.08391608391609,食品
2024-01-15,603097,-1.1748445058742218,雄安新区
2024-01-15,603099,2.0484708597807297,旅游酒店
2024-01-15,603199,5.924479166666668,旅游酒店
2024-01-16,000638,0.0,雄安新区
2024-01-16,002159,-7.02702702702703,旅游酒店
2024-01-16,002162,-8.712121212121211,职业教育
2024-01-16,603097,-5.43512409676405,雄安新区
2024-01-16,603099,-4.537109887227914,旅游酒店
2024-01-16,603199,4.823912400118386,旅游酒店
2024-01-17,002614,2.5258323765786317,破净股
2024-01-17,603099,-5.32514080901179,旅游酒店
2024-01-17,605366,-5.583756345177655,有机硅
2024-01-18,000068,9.90338164251208,海绵城市
2024-01-18,603955,8.14889336016097,旅游酒店
2024-01-18,605399,6.884272997032641,有机硅
2024-01-19,002909,-7.13422007255139,有机硅
2024-01-19,003027,-2.1392617449664497,安徽
2024-01-19,603499,-5.266903914590749,上海
2024-01-19,605399,-9.385113268608407,有机硅
2024-01-22,003027,-1.6018306636155537,安徽
2024-01-22,600935,-10.106382978723403,安徽
2024-01-23,003027,0.0,安徽
2024-01-23,605268,10.009267840593143,智能家居
2024-01-24,000068,10.10989010989011,污水处理
2024-01-24,300899,9.783661608007753,污水处理
2024-01-24,600318,-1.3579049466537396,p2p
2024-01-24,603970,2.9826464208242793,乡村振兴
2024-01-25,300899,19.994617868676016,污水处理
2024-01-26,000068,0.0,国资入股
2024-01-26,300374,-3.5187287173666344,国资驰援
2024-01-29,000068,-0.9900990099009837,国资驰援
2024-01-29,000151,-7.0163004961020565,污水处理
2024-01-29,300374,-8.230842005676452,国资驰援
2024-01-29,601068,-15.16754850088184,盐湖提锂
2024-02-01,002883,-23.82645803698435,污水处理
2024-02-02,600088,-26.37362637362638,旅游
2024-02-07,600563,-2.7266904565834054,储能
2024-02-19,601138,3.6479444122756166,医疗器械
2024-02-21,002779,3.4548944337811958,机器人
2024-02-22,002779,-9.886594940389653,机器人
2024-02-23,603135,9.98937300743889,工业4.0
2024-02-26,301318,-6.419354838709672,在线办公
2024-02-27,000063,2.5568181818181777,广东
2024-02-27,601138,-2.0061728395061755,在线办公
2024-02-28,301138,-16.94352159468438,智能制造
2024-02-28,600475,-1.181434599156108,一带一路
2024-02-28,600579,-22.352941176470583,新型工业化
2024-02-28,601326,-5.0595238095238075,一带一路
2024-02-28,603019,-3.7462834489593666,一带一路
2024-02-28,603322,-6.125000000000007,一带一路
2024-02-29,002611,10.041265474552965,一带一路
2024-03-01,000801,-3.2786885245901627,消费电子
2024-03-01,001288,-2.956225127913585,一带一路
2024-03-01,002281,4.330708661417321,一带一路
2024-03-04,002335,-3.6556200888281527,氢能源
2024-03-04,300210,-3.374012921751607,雄安新区
2024-03-07,002611,0.0,氢能源燃料电池
2024-03-08,002156,-2.7617951668584535,江苏
2024-03-08,002272,-14.000000000000002,QFII持股
2024-03-08,002281,-2.4640657084188935,2025中报预增
2024-03-08,002463,-3.591682419659726,江苏
2024-03-08,300709,2.1590310689836767,江苏
2024-03-08,600560,-11.475409836065568,QFII持股
2024-03-08,603283,1.6533986527862758,江苏
2024-03-11,002075,-2.7088036117381518,江苏
2024-03-11,603283,-3.8632821197951452,江苏
2024-03-12,000008,-11.254019292604504,ppp
2024-03-12,300975,-1.7175572519083944,江苏
2024-03-13,002075,-0.6329113924050684,江苏
2024-03-13,600215,-3.902953586497901,小盘
2024-03-13,603261,3.010471204188472,小盘
2024-03-13,603580,9.994568169473112,小盘
2024-03-13,605298,-20.66066066066065,江苏
2024-03-14,001229,3.9553752535497018,小盘
2024-03-14,002716,-2.2082018927444746,2024中报预增
2024-03-14,002772,-2.9797377830750893,小盘
2024-03-14,600217,-6.387225548902184,2024中报预增
2024-03-14,601789,-6.0362173038229345,装配式建筑
2024-03-14,603499,6.64229128580134,2024中报预增
2024-03-15,002009,-1.6528925619834778,小鹏汽车
2024-03-15,002085,3.1040268456375775,o2o
2024-03-15,600733,-1.1029411764705863,北汽新能源
2024-03-15,603011,9.989142236699239,小鹏汽车
2024-03-18,002085,3.5850495804729263,o2o
2024-03-18,002739,-1.7060367454068228,o2o
2024-03-18,600580,9.757785467128029,北汽新能源
2024-03-18,601388,0.671140939597316,有色铝
2024-03-19,000801,3.899926416482703,商业航天（航天航空）
2024-03-19,001266,-10.52126638951071,上海
2024-03-19,603011,-16.427289048473966,商业航天（航天航空）
2024-03-19,603580,5.897626112759643,ST股
2024-03-19,688629,10.23079572855666,商业航天（航天航空）
2024-03-20,002496,6.756756756756752,ST股
2024-03-20,600580,7.94504181600957,工业自动化
2024-03-20,603580,6.203641267700606,ST股
2024-03-21,300067,3.1954887218045096,上海
2024-03-21,600580,-0.05431830526888411,太阳能
2024-03-21,600843,-0.45941807044410793,上海
2024-03-21,601137,4.4932079414838,太阳能
2024-03-21,603356,-7.423345884884341,太阳能
2024-03-21,603580,-1.9307385841250462,ST股
2024-03-21,605277,-0.15764582238571276,太阳能
2024-03-22,300133,-6.87160940325497,网红经济
2024-03-22,600577,8.078602620087338,太阳能
2024-03-22,601137,1.8527315914489337,太阳能
2024-03-22,603377,-16.47727272727273,ST股
2024-03-22,605277,-4.921165790731013,太阳能
2024-03-25,600577,2.182539682539689,太阳能
2024-03-25,603580,-9.996970614965155,ST股
2024-03-26,002130,-12.405063291139232,高压快充
2024-03-26,600577,-6.859205776173283,太阳能
2024-03-26,603050,-0.8477997577715012,太阳能
2024-03-27,002847,1.4140346240253643,大消费
2024-03-29,605198,3.622047244094484,大消费
2024-03-29,605296,0.905846829536092,大消费
2024-04-01,605198,6.241053535642713,大消费
2024-04-02,300107,-9.49494949494949,化工化纤
2024-04-02,300135,-15.384615384615389,化工化纤
2024-04-02,300758,5.87102983638113,化工化纤
2024-04-03,301238,-3.1862745098039262,化工化纤
2024-04-08,002167,-3.427895981087481,口腔
2024-04-08,300310,-4.382470119521908,通信基站
2024-04-08,603663,-16.292906178489712,口腔
2024-04-09,002167,-5.585392051557479,口腔
2024-04-09,002392,-4.34782608695652,有色锆
2024-04-09,300127,-2.27272727272729,稀土永磁
2024-04-09,600193,-13.924050632911399,稀土永磁
2024-04-09,600392,0.0,有色锆
2024-04-10,603663,-8.131176999101537,口腔
2024-04-11,000506,-1.5873015873015817,有色锆
2024-04-11,300079,-5.025996533795479,电子设备
2024-04-12,000506,-9.95670995670995,黄金股
2024-04-12,000603,-4.525728456292614,黄金股
2024-04-12,002102,-3.1914893617021227,黄金股
2024-04-12,002574,-5.847953216374261,珠宝饰品
2024-04-12,300945,-13.672154617036508,珠宝饰品
2024-04-12,600490,-2.7624309392265216,黄金股
2024-04-12,600988,-5.26315789473684,黄金股
2024-04-12,603516,-4.420224038752652,电子设备
2024-04-16,000777,3.0252100840336085,中字头股票
2024-04-16,300284,7.651006711409387,江苏
2024-04-16,300905,10.102420856610792,江苏
2024-04-16,600720,-6.618313689936525,中字头股票
2024-04-16,600968,-0.47393364928908943,低市盈率
2024-04-17,000612,-1.4002333722287164,低市盈率
2024-04-17,000899,1.1066398390342176,低市盈率
2024-04-17,002668,0.0,低市盈率
2024-04-17,600874,-4.724409448818895,低市盈率
2024-04-17,601998,0.5502063273727653,低市盈率
2024-04-18,000404,-6.287069988137596,低市盈率
2024-04-18,000899,-10.338517840805114,低市盈率
2024-04-18,002057,0.8760951188986269,雅下水电
2024-04-18,601179,-5.548996458087374,雅下水电
2024-04-18,601998,-6.25,低市盈率
2024-04-19,300243,5.531914893617024,创业板重组松绑
2024-04-19,603018,-5.094905094905093,雅下水电
2024-04-22,300711,7.388316151202743,AI智能体
2024-04-23,002296,4.752066115702489,专精特新
2024-04-23,002927,-7.046070460704601,专精特新
2024-04-23,300711,2.052505966587111,高铁轨交
2024-04-24,300542,-7.923497267759563,QFII持股
2024-04-24,300711,-5.807478122513925,轨道交通
2024-04-25,300644,6.851851851851837,轨道交通
2024-04-26,000099,-6.724782067247825,卫星导航
2024-04-26,002023,-7.471264367816094,卫星导航
2024-04-26,002130,2.415812591508053,深圳
2024-04-26,003029,2.4675867837724796,卫星导航
2024-04-26,300397,9.466911764705877,卫星导航
2024-04-26,300563,8.221476510067129,wifi
2024-04-29,002085,-2.4916943521594646,碳纤维
2024-04-29,002296,0.6776379477250754,铁路基建
2024-04-29,300641,3.390804597701149,创业板重组松绑
2024-04-29,600727,0.13037809647978862,碳纤维
2024-04-30,003019,0.5074302283436048,汽车电子
2024-05-06,002590,-4.210526315789478,汽车电子
2024-05-06,002813,-11.234396671289868,汽车电子
2024-05-06,002938,2.1468926553672327,汽车电子
2024-05-06,300407,5.032119914346902,创业板重组松绑
2024-05-06,300641,5.150753768844223,创业板重组松绑
2024-05-07,002305,-9.999999999999991,ST股
2024-05-07,300721,2.599179206566353,创业板重组松绑
2024-05-07,300836,-7.10209258084971,江苏
2024-05-07,300905,-5.285714285714283,江苏
2024-05-07,301258,-6.885488647581456,江苏
2024-05-07,688682,4.557935200439309,毫米波雷达
2024-05-08,002046,-3.225806451612908,商业航天（航天航空）
2024-05-08,300243,-1.0162601626016283,创业板重组松绑
2024-05-08,600805,-6.586826347305391,江苏
2024-05-08,600990,-3.269995581087046,商业航天（航天航空）
2024-05-08,603809,-8.845888044229449,商业航天（航天航空）
2024-05-08,688682,-7.963386727688795,商业航天（航天航空）
2024-05-09,002455,4.577191621411946,钠电池
2024-05-09,002591,-15.780141843971625,钠电池
2024-05-09,600866,0.25031289111388705,玉米
2024-05-09,600979,-5.076142131979688,乡村振兴
2024-05-10,000990,-0.7821229050279164,医美
2024-05-10,300040,1.1804384485666153,乡村振兴
2024-05-10,300239,-11.88707280832096,医美
2024-05-10,300511,-6.471816283924834,乡村振兴
2024-05-10,600538,-10.45871559633028,消毒
2024-05-10,600644,1.8465909090909074,乡村振兴
2024-05-10,600719,-3.1100478468899495,辽宁
2024-05-10,603139,-22.488287350338364,乡村振兴
2024-05-10,603182,7.680835197613717,乡村振兴
2024-05-10,603766,-2.439024390243894,乡村振兴
2024-05-13,002166,0.4119464469618862,生物医药
2024-05-13,002351,5.429553264604805,消毒
2024-05-13,301201,-14.820359281437115,生物医药
2024-05-13,600789,-6.3730084348641025,消毒
2024-05-15,002312,4.968152866242045,电子信息
2024-05-15,002339,-23.561346362649303,3d打印
2024-05-16,002470,-3.5087719298245648,三板精选
2024-05-17,300563,-8.54750216575224,汽车电子
2024-05-17,600322,-0.966183574879228,资产重组
2024-05-17,600889,10.026385224274403,资产重组
2024-05-20,300927,3.0045351473922963,资产重组
2024-05-21,001267,9.927797833935015,资产重组
2024-05-22,600962,-2.6431718061673917,资产重组
2024-05-23,301389,11.955366631243358,资产重组
2024-05-24,301389,-2.878653675819303,AI PC
2024-05-28,301361,-6.24024960998439,锂电池
2024-05-28,600719,0.0,锂电池
2024-05-29,300305,10.880829015544052,锂电池
2024-05-29,301180,-12.110311750599518,AI PC
2024-05-30,600171,2.3778071334213964,锂电池
2024-05-30,601020,-11.069717935071838,人民币贬值受益
2024-05-31,001288,1.0050251256281328,人民币贬值受益
2024-05-31,300281,-11.11111111111112,创业板重组松绑
2024-05-31,300539,-8.560311284046684,创业板重组松绑
2024-05-31,301550,15.279815552295114,人民币贬值受益
2024-05-31,603890,10.046511627906977,人民币贬值受益
2024-06-03,000035,-3.1365313653136515,垃圾分类
2024-06-03,300650,-2.8997514498757218,创业板重组松绑
2024-06-04,300552,3.8698545723440976,无人驾驶
2024-06-04,301176,-4.254112308564947,汽车电子
2024-06-05,300270,-19.878048780487795,无人驾驶
2024-06-05,300572,-9.20881971465629,无人驾驶
2024-06-05,300643,7.1993670886075956,无人驾驶
2024-06-05,600171,1.9219898247597504,汽车电子
2024-06-07,300589,-10.779315367807724,海工装备
2024-06-07,605058,-8.628519527702084,新型工业化
2024-06-11,600992,-4.237288135593216,海工装备
2024-06-11,605258,9.992111490928208,5G
2024-06-11,605358,-0.24048096192384258,5G
2024-06-17,300868,8.54513584574934,IP经济(谷子经济)
2024-06-17,600179,-6.0498220640569365,智慧物流
2024-06-18,300868,-2.0087655222790386,IP经济(谷子经济)
2024-06-20,301189,-3.0116358658453084,跨境电商
2024-06-20,688061,-0.18547140649150623,智能手机
2024-06-21,301132,1.8708083303918148,汽车热管理
2024-06-24,300386,11.497890295358648,数字人民币
2024-06-25,003001,-0.5491488193300462,轨道交通
2024-06-25,300386,-1.8453427065026438,数字人民币
2024-06-26,002600,-3.3980582524271843,柔性电子
2024-06-26,300386,-2.855051244509521,数字人民币
2024-06-27,300283,2.5041736227044984,芯片
2024-06-27,300448,-12.190082644628095,区块链
2024-06-27,301129,-10.605053191489356,芯片
2024-06-27,600855,-6.753006475485665,北京
2024-07-01,301119,14.53744493392071,浙江
2024-07-01,301388,4.553119730185502,浙江
2024-07-02,300730,-5.146533238027167,创业板重组松绑
2024-07-09,000049,1.7347307553306717,物联网
2024-07-11,002273,-0.2912621359223411,安防
2024-07-11,300120,-6.250000000000005,安防
2024-07-11,300807,4.166666666666676,AI智能体
2024-07-12,301007,-2.5232403718459544,汽车热管理
2024-07-16,300207,2.1115322144017354,电器机械
2024-07-16,600361,-2.5806451612903247,汽车轻量化
2024-07-17,300713,-0.25329280648428143,QFII持股
2024-07-18,000421,-14.53674121405751,换电
2024-07-18,002355,3.891050583657591,新能源车零部件
2024-07-22,000004,1.2913640032284113,粤港澳大湾区
2024-07-22,300077,1.217228464419483,储能
2024-07-22,300240,9.612625538020085,蔚来汽车
2024-07-22,300960,-6.183206106870233,储能
2024-07-25,600635,7.142857142857142,长三角一体化
2024-07-26,001379,9.980334316617508,山东
2024-07-26,002232,10.010266940451741,汽车电子
2024-07-26,600635,9.604519774011296,长三角一体化
2024-07-29,300281,8.124999999999993,商业航天
2024-07-29,300923,-13.943217665615137,参股民营银行
2024-07-29,301079,-18.203883495145632,商业航天
2024-07-29,600635,10.02570694087404,长三角一体化
2024-07-30,000595,-4.814004376367628,通用设备
2024-07-30,001379,9.99593661113369,航天
2024-07-30,600530,-1.3333333333333344,长三角一体化
2024-07-30,601698,3.0842230130486334,航天
2024-07-31,600171,-12.877115526122148,长三角一体化
2024-07-31,600501,10.015731515469325,长三角一体化
2024-08-01,000880,5.851979345955263,山东
2024-08-01,000901,5.063291139240502,人民币贬值受益
2024-08-01,301112,-22.791846819024094,人民币贬值受益
2024-08-01,600336,-4.520795660036167,山东
2024-08-01,600460,-3.6271615352172057,参股新股
2024-08-02,000901,5.5752212389380436,人民币贬值受益
2024-08-02,001379,10.012210012210017,人民币贬值受益
2024-08-02,300147,-8.390410958904114,流感口罩
2024-08-02,300473,-16.73306772908366,人民币贬值受益
2024-08-02,600721,3.0726256983240186,流感口罩
2024-08-05,000901,8.063175394846224,人民币贬值受益
2024-08-05,300099,5.904059040590411,山东
2024-08-05,300149,-2.1594684385382044,人民币贬值受益
2024-08-05,600501,-15.714848365498234,环保
2024-08-05,600721,-4.822335025380709,流感口罩
2024-08-06,000901,-4.006046863189729,中俄贸易
2024-08-06,000980,-25.675675675675684,中俄贸易
2024-08-06,001379,-26.337033299697275,非科创次新股
2024-08-08,300426,-5.889145496535794,壳公司
2024-08-08,301065,-4.407087687414822,化工化纤
2024-08-08,600712,-9.20096852300242,东盟北部湾
2024-08-12,603139,-11.834319526627223,毛发医疗
2024-08-13,301288,15.17960602549245,专用设备
2024-08-14,300299,-4.814004376367628,福建
2024-08-14,301151,-6.195546950629241,抽水蓄能
2024-08-15,301288,-17.102966841186742,新型城镇化
2024-08-15,600326,0.0,大基建
2024-08-19,002370,-10.089020771513361,仿制药一致性评价
2024-08-20,300027,-8.1081081081081,移动互联网
2024-08-21,002403,4.922279792746113,工业机器人
2024-08-21,002642,4.314329738058541,大数据
2024-08-21,301316,2.8977583378895635,大数据
2024-08-23,001287,3.8706256627783695,大数据
2024-08-23,300050,5.172413793103449,大数据
2024-08-23,300400,-3.730846102598271,工业机器人
2024-08-23,300588,7.952069716775605,大数据
2024-08-26,000158,-10.131578947368416,大数据
2024-08-26,300588,-17.241379310344833,大数据
2024-08-26,603189,-7.78032036613272,AI智能体
2024-08-27,000062,0.6815968841285325,AI智能体
2024-08-27,000158,-6.826801517067003,智能交通
2024-08-28,000062,6.241699867197876,被动元件
2024-08-29,000062,-2.4144869215291807,2025一季报预增
2024-08-30,300131,0.17421602787456072,传感器
2024-08-30,300562,-12.485414235705953,传感器
2024-08-30,603666,-12.373615792007705,传感器
2024-08-30,603700,-3.0442804428044288,传感器
2024-09-02,300134,-11.098779134295228,智慧医疗
2024-09-03,000006,2.6378896882494085,深圳本地股
2024-09-03,000058,7.846153846153843,深圳本地股
2024-09-03,000062,5.637411915438815,深圳本地股
2024-09-03,002369,-2.7184466019417584,深圳本地股
2024-09-03,600552,1.6811955168119526,oled材料
2024-09-03,600839,-0.9451795841209797,传感器
2024-09-04,000020,-6.793893129770984,深圳本地股
2024-09-04,000058,5.45454545454545,深圳本地股
2024-09-04,000062,3.6983110075713332,深圳本地股
2024-09-04,000068,-7.692307692307685,深圳本地股
2024-09-04,300382,-1.923076923076931,高送转
2024-09-04,300473,1.301952929394099,传感器
2024-09-05,000062,2.6211278792692476,深圳本地股
2024-09-05,002388,2.4822695035461093,台湾
2024-09-05,300047,-11.284046692607005,车联网
2024-09-05,603626,8.24313072439634,台湾
2024-09-06,000058,-7.006369426751591,广东国企改革
2024-09-06,603123,-4.0000000000000036,车联网
2024-09-09,001298,-14.393028846153854,存储
2024-09-09,002717,-6.666666666666672,分拆上市预期
2024-09-09,600576,-7.056798623063671,2025一季报预增
2024-09-10,600981,0.0,长三角一体化
2024-09-10,603822,-4.263418347925394,长三角一体化
2024-09-12,000955,0.0,电子烟
2024-09-13,002183,-2.572347266881031,新型烟草
2024-09-19,600658,0.5025125628140708,参股新股
2024-09-20,000948,8.036677454153192,指纹识别
2024-09-23,000948,-15.301618440411971,指纹识别
2024-09-23,002017,-9.528487229862465,电子支付
2024-09-23,603421,-8.320950965824672,国产芯片
2024-09-24,000004,-17.20430107526882,人脸识别
2024-09-24,002647,0.2036659877800364,电子支付
2024-09-24,300333,5.357142857142862,数据安全
2024-09-24,300561,8.49056603773585,人脸识别
2024-09-24,600130,-13.870246085011178,人脸识别
2024-09-24,600446,1.2014787430683826,电子支付
2024-09-25,000555,-7.721639656816019,数据安全
2024-09-25,000676,-2.8612303290414904,智慧政务
2024-09-25,002474,-3.402646502835533,数据安全
2024-09-25,002987,-5.136436597110759,数据安全
2024-09-25,300561,-11.46788990825688,人脸识别
2024-09-25,600151,2.7874564459930338,电子设备
2024-09-25,601929,-5.343511450381684,数据安全
2024-09-26,000158,-8.502633559066961,华为HMS
2024-09-26,300085,11.896400351185237,区块链储备
2024-09-27,002050,4.291647438855559,氢能源燃料电池
2024-09-27,002177,-0.9546539379474948,区块链储备
2024-09-27,002427,-0.9009009009009084,氢能源燃料电池
2024-09-27,002430,4.050279329608943,氢能源燃料电池
2024-09-27,002797,8.527131782945734,区块链储备
2024-09-27,300085,20.007315288953922,5G消息RCS
2024-09-27,300152,19.860627177700344,氢能源燃料电池
2024-09-27,300212,4.856726566294318,华为HMS
2024-09-27,300339,18.81824020552344,区块链储备
2024-09-27,300377,19.97851772287862,区块链储备
2024-09-27,300399,6.541490006056924,5G消息RCS
2024-09-30,000032,9.994222992489894,智慧安防
2024-09-30,000977,9.999999999999996,智慧安防
2024-09-30,002123,9.952606635071088,5G消息RCS
2024-09-30,002268,10.000000000000009,区块链储备
2024-09-30,002298,9.751037344398334,智慧安防
2024-09-30,002329,9.42857142857143,5G消息RCS
2024-09-30,002362,9.898882384246937,智慧安防
2024-09-30,002474,9.830508474576272,智慧安防
2024-09-30,002512,9.999999999999998,富媒体
2024-09-30,002537,10.000000000000002,5G消息RCS
2024-09-30,002602,10.071942446043163,5G消息RCS
2024-09-30,002609,9.85748218527316,智慧安防
2024-09-30,002622,10.101010101010111,5G消息RCS
2024-09-30,002642,9.75935828877006,区块链储备
2024-09-30,002797,10.0,区块链储备
2024-09-30,002987,10.01410437235543,区块链储备
2024-09-30,003029,9.619896762083533,智慧安防
2024-09-30,300015,19.987429289754868,创业板人气股
2024-09-30,300033,19.99896539237494,创业板人气股
2024-09-30,300047,20.03338898163606,5G消息RCS
2024-09-30,300059,19.999999999999993,创业板人气股
2024-09-30,300093,11.241610738255043,智慧安防
2024-09-30,300122,20.011983223487114,创业板人气股
2024-09-30,300142,19.97282608695652,创业板人气股
2024-09-30,300144,17.870722433460084,创业板人气股
2024-09-30,300168,20.054945054945055,创业板人气股
2024-09-30,300287,20.0,5G消息RCS
2024-09-30,300339,19.989296226920004,区块链储备
2024-09-30,300399,19.989904088844025,5G消息RCS
2024-09-30,300493,20.016339869281037,智慧安防
2024-09-30,300608,16.66666666666668,5G消息RCS
2024-09-30,300663,20.02314814814813,5G消息RCS
2024-09-30,300672,20.003192848020433,智慧安防
2024-09-30,600100,8.97637795275591,智慧安防
2024-09-30,600654,8.461538461538453,智慧安防
2024-09-30,600728,9.745762711864407,5G消息RCS
2024-09-30,600990,10.01955034213099,智慧安防
2024-09-30,601360,9.863945578231283,智慧安防
2024-09-30,603528,9.905020352781541,智慧安防
2024-09-30,605268,8.242424242424239,智慧安防
2024-09-30,688038,16.59716430358632,智慧安防
2024-10-08,000681,-5.126452494873547,区块链储备
2024-10-08,002396,-3.548034934497809,富媒体
2024-10-08,002408,-7.413249211356463,PM2.5
2024-10-08,002467,-5.13392857142858,5G消息RCS
2024-10-08,002573,-6.696428571428586,PM2.5
2024-10-08,300203,-4.225352112676056,PM2.5
2024-10-08,300250,-8.197556008146636,5G消息RCS
2024-10-08,300277,-7.580919931856904,5G消息RCS
2024-10-08,300542,-6.51515151515151,区块链储备
2024-10-08,300579,-8.588770864946895,区块链储备
2024-10-08,300608,-7.891414141414141,5G消息RCS
2024-10-08,300766,-6.835592221567463,5G消息RCS
2024-10-08,300862,-7.578558225508321,PM2.5
2024-10-08,301380,-5.660377358490562,5G消息RCS
2024-10-08,600475,-7.1230342275670795,PM2.5
2024-10-08,600499,-7.9497907949790765,废气处理
2024-10-08,603286,-2.8028933092224277,PM2.5
2024-10-08,603355,-5.698113207547176,PM2.5
2024-10-08,688051,-6.132461161079314,PM2.5
2024-10-08,688659,-5.224787363304989,PM2.5
2024-10-10,002457,-17.257683215130022,海绵城市
2024-10-14,000158,0.0,阿里云
2024-10-14,300339,2.646377770426731,阿里云
2024-10-14,300425,-7.1428571428571495,净水
2024-10-14,603038,7.599999999999999,净水
2024-10-15,000826,-0.9009009009009016,兜底增持
2024-10-15,002537,-5.991440798858772,区块链应用
2024-10-15,002640,0.0,SDR
2024-10-15,300290,-9.533306741124854,兜底增持
2024-10-16,002123,4.835766423357659,国资驰援
2024-10-16,002302,4.294478527607358,3d打印
2024-10-16,002537,0.0,区块链应用
2024-10-16,600839,3.134328358208954,区块链应用
2024-10-18,300542,12.538226299694195,NFT
2024-10-18,600570,-1.199717713479181,区块链应用
2024-10-18,600839,9.987669543773126,NFT
2024-10-21,000503,-0.9009009009008939,大数据
2024-10-21,002261,9.987770077456174,云计算
2024-10-21,002268,0.2076843198338481,云计算
2024-10-21,002368,-2.3028883684621384,云计算
2024-10-21,002542,10.043668122270741,云计算
2024-10-21,300052,6.25,云计算
2024-10-21,300053,4.873534855027755,大数据
2024-10-21,300130,3.9152193111568985,区块链应用
2024-10-21,300302,-5.096486887679371,云计算
2024-10-21,300341,2.1258857857440665,大数据
2024-10-21,300468,-8.771929824561408,云计算
2024-10-21,300508,7.970784375992383,工业4.0
2024-10-21,300542,17.87193373685887,云计算
2024-10-21,300773,-3.8638780574264437,云计算
2024-10-21,600100,0.4184100418410076,云计算
2024-10-21,601929,-3.4883720930232593,云计算
2024-10-21,603206,2.0986954055587126,云计算
2024-10-21,603636,-6.275140788415119,云计算
2024-10-21,688066,9.188034188034196,云计算
2024-10-22,000777,2.0130576713819424,水利
2024-10-22,002600,-5.579399141630897,工业4.0
2024-10-22,002693,-9.987195902688853,CRO
2024-10-22,300092,-9.281228192602931,水利
2024-10-22,603308,-3.426124197002144,工业4.0
2024-10-23,000810,-11.297071129707108,云游戏
2024-10-23,002272,7.626310772163955,盾构机
2024-10-23,002851,-0.6211180124223628,工业4.0
2024-10-23,600133,-4.80427046263346,湖北国企改革
2024-10-23,600839,0.0,云游戏
2024-10-23,601127,2.9932378679395297,工业4.0
2024-10-23,601162,-4.801324503311259,湖北国企改革
2024-10-23,603166,-9.968847352024918,工业4.0
2024-10-24,002229,7.991360691144704,虚拟数字人
2024-10-24,002290,-0.41695621959694573,云游戏
2024-10-24,002995,-4.66633216256899,虚拟数字人
2024-10-24,300338,11.744966442953023,虚拟数字人
2024-10-24,600439,4.359673024523165,河南
2024-10-25,001696,6.533066132264525,p2p
2024-10-25,002094,8.268330733229332,分拆上市预期
2024-10-25,002272,1.4184397163120546,盾构机
2024-10-25,002542,9.688581314878885,盾构机
2024-10-25,002995,-5.714285714285711,财税数字化
2024-10-25,301152,-0.4854368932038904,河南
2024-10-25,600172,10.135135135135128,河南
2024-10-25,600439,-1.980198019801982,河南
2024-10-25,600696,0.6036217303822927,p2p
2024-10-25,601727,6.103286384976535,分拆上市预期
2024-10-25,601777,-3.9334341906202823,分拆上市预期
2024-10-28,000158,0.0,文心一言
2024-10-28,001696,2.003642987249547,成渝特区
2024-10-28,002272,10.02865329512893,成渝特区
2024-10-28,002313,7.733619763694939,核心网
2024-10-28,002542,10.062893081761,盾构机
2024-10-28,002628,5.666666666666664,成渝特区
2024-10-28,002642,4.33212996389891,文心一言
2024-10-28,002712,9.999999999999991,文心一言
2024-10-28,002765,-1.7160686427457148,成渝特区
2024-10-28,300133,-1.851851851851851,文心一言
2024-10-28,300338,15.649867374005314,文心一言
2024-10-28,600353,-0.1177856301531188,成渝特区
2024-10-28,600839,10.016155088852976,成渝特区
2024-10-28,603232,-0.9914077990746885,文心一言
2024-10-29,000665,-0.8602150537634415,核心网
2024-10-29,001696,-7.947019867549663,成渝特区
2024-10-29,002313,-13.085937499999996,核心网
2024-10-29,002474,-2.311248073959944,物联网平台层
2024-10-29,002628,-1.5151515151515098,成渝特区
2024-10-30,002097,4.699738903394248,盾构机
2024-10-30,002583,9.984399375975034,反恐
2024-10-30,600355,9.932279909706555,物联网平台层
2024-10-31,002272,0.8505467800729074,余热发电
2024-10-31,601005,3.448275862068969,余热发电
2024-11-04,002354,-5.468749999999999,MR（混合现实）
2024-11-04,600337,-8.83720930232558,定制家居
2024-11-04,603297,-6.435783712371419,AI眼镜
2024-11-04,603666,10.02012072434607,AI模型
2024-11-05,000997,3.8703434929849885,AI模型
2024-11-05,002384,3.580562659846562,MR头显
2024-11-05,002957,2.5485436893203772,AI眼镜
2024-11-05,003021,9.920484664899663,MR头显
2024-11-05,601011,-5.405405405405393,AI眼镜
2024-11-05,603203,-5.907500971628448,AI眼镜
2024-11-05,688568,4.837155521295043,AI模型
2024-11-06,000713,0.23980815347721313,农业种植
2024-11-06,002041,2.313167259786475,农业种植
2024-11-06,002177,2.839756592292101,指纹技术
2024-11-06,002195,5.988023952095814,AI模型
2024-11-06,002681,-8.112874779541446,富士康
2024-11-06,002735,-8.527755430410302,富士康
2024-11-06,300189,7.088607594936715,农业种植
2024-11-06,300227,3.072348860257686,富士康
2024-11-06,300484,20.018841262364578,富士康
2024-11-06,300607,-9.995262908574134,富士康
2024-11-06,301577,5.510558287532546,富士康
2024-11-06,600313,2.684563758389264,农业种植
2024-11-06,600354,1.5873015873015959,农业种植
2024-11-06,600692,4.728789986091792,农业种植
2024-11-06,601360,-3.4611786716557456,AI模型
2024-11-07,000759,0.6756756756756612,农业种植
2024-11-07,000826,9.88593155893537,生态环境
2024-11-07,000833,9.397944199706323,农业种植
2024-11-07,000995,0.0,农业种植
2024-11-07,300070,5.974842767295596,生态环境
2024-11-07,300237,0.0,农业种植
2024-11-07,300266,6.572769953051649,生态环境
2024-11-07,600084,8.439490445859862,农业种植
2024-11-07,600692,9.987357774968384,农业种植
2024-11-07,603336,-6.976744186046512,农业种植
2024-11-08,000035,-4.042179261862924,生态环境
2024-11-08,000793,-1.8018018018018036,农业种植
2024-11-08,000977,4.23515760974666,AI模型
2024-11-08,002383,10.05405405405405,航空航天
2024-11-08,300380,-3.125986738238086,AI模型
2024-11-08,600118,3.5982478097621984,航空航天
2024-11-08,600221,-12.704918032786889,雄安金融
2024-11-08,600760,-0.18012117242508502,航空航天
2024-11-08,601360,-6.550218340611353,AI模型
2024-11-11,002050,0.036245016310263,理想汽车
2024-11-11,002256,4.06779661016948,染料
2024-11-11,002510,-5.398110661268561,理想汽车
2024-11-11,002549,0.7972665148063816,生态环境
2024-11-11,601689,2.9680759275237256,理想汽车
2024-11-11,603360,-1.5676266861100974,农药
2024-11-13,002230,0.7009776793949503,神经网络
2024-11-13,002418,-7.796610169491524,电动物流车
2024-11-13,300385,0.0,大气治理
2024-11-13,600104,1.5540944411237179,电动物流车
2024-11-13,603324,3.6128152692569824,大气治理
2024-11-13,603516,-0.15487867836861713,ASIC芯片
2024-11-14,000880,-0.9942004971002567,发电机
2024-11-14,603232,-9.681372549019608,量子计算
2024-11-15,000833,9.973980919340853,铁矿石
2024-11-15,000880,0.0,发电机
2024-11-18,000880,-9.993155373032165,发电机
2024-11-19,000833,10.035842293906812,广东自贸区
2024-11-19,002993,-2.0066889632107188,广东自贸区
2024-11-20,002175,5.899705014749254,广西
2024-11-20,003041,-4.583921015514812,抗菌面料
2024-11-20,300840,2.56410256410257,抗菌面料
2024-11-20,603366,10.016835016835012,厨卫家电
2024-11-21,002175,9.919571045576399,广西
2024-11-21,002556,-2.853067047075609,硫酸
2024-11-21,002956,-5.806887238352473,广西
2024-11-21,600382,-4.1666666666666705,铁矿石
2024-11-22,000548,6.712564543889855,旅游酒店
2024-11-22,000833,10.010764262648026,广西
2024-11-22,000900,-5.9642147117296185,垃圾分类
2024-11-22,002658,-1.3908205841446526,垃圾分类
2024-11-22,603359,9.966777408637883,园林
2024-11-22,603366,7.719054242002778,垃圾分类
2024-11-25,000546,1.7937219730941585,垃圾分类
2024-11-25,000969,-8.085694540428472,三季报预增
2024-11-25,002580,5.5921052631579125,新能源
2024-11-25,002658,-5.309734513274336,垃圾分类
2024-11-25,600104,-5.156723963599593,新能源
2024-11-25,600249,9.925093632958806,广西
2024-11-25,600405,-7.718120805369128,新能源
2024-11-25,603366,-6.385696040868455,垃圾分类
2024-11-27,000953,-9.453471196454945,东盟北部湾
2024-11-27,002329,2.8061224489796,广西
2024-11-27,300949,6.060606060606057,园林
2024-11-27,600556,-0.7042253521126767,广西
2024-11-27,600576,-0.5524861878453043,旅游酒店
2024-11-27,600593,-5.839612486544658,旅游酒店
2024-11-27,600693,-5.314009661835743,旅游酒店
2024-11-28,002076,-0.3731343283582175,量子技术
2024-11-28,002292,-11.866028708133957,王者荣耀
2024-11-28,002329,-0.928074245939676,广西
2024-11-28,600120,0.5385996409335612,量子技术
2024-11-28,600249,-2.475247524752467,东盟北部湾
2024-11-28,600628,9.990009990009991,老字号
2024-11-29,002995,-1.8635855385762206,在线办公
2024-11-29,600410,6.104129263913821,应急产业
2024-11-29,603660,-15.197841726618702,在线办公
2024-12-02,002066,-1.661392405063298,非金属矿
2024-12-02,002076,1.4234875444839872,量子技术
2024-12-02,002186,2.2550544323483743,老字号
2024-12-02,002225,0.2087682672233776,非金属矿
2024-12-02,600120,-6.143344709897616,量子技术
2024-12-02,600249,0.0,老字号
2024-12-02,600327,-9.442548350398171,老字号
2024-12-02,600410,10.040816326530615,应急管理
2024-12-02,600628,0.7431874483897594,老字号
2024-12-02,603237,-3.6931818181818232,老字号
2024-12-02,605108,-6.889128094725518,老字号
2024-12-03,000592,-1.6501650165016444,恒大
2024-12-03,000619,-6.291834002677373,旧改
2024-12-03,002689,3.9351851851851833,旧改
2024-12-03,300155,-6.094182825484758,恒大
2024-12-03,600238,0.47573739295909334,老字号
2024-12-03,600327,-7.530454042081947,老字号
2024-12-03,600796,4.280821917808219,嘉兴地区
2024-12-03,603237,-8.650829224562976,老字号
2024-12-03,605155,3.916866506794566,装修装饰
2024-12-04,002047,-12.93800539083558,恒大
2024-12-04,002163,-7.061688311688321,装修装饰
2024-12-04,600503,10.104529616724738,恒大
2024-12-04,601011,5.573770491803291,强势人气股
2024-12-05,000981,9.956709956709956,强势人气股
2024-12-05,002046,2.3521932612841767,强势人气股
2024-12-05,002195,9.25925925925926,神经网络
2024-12-05,002347,9.780219780219786,神经网络
2024-12-05,002579,1.977107180020825,PCB板
2024-12-05,601011,7.1428571428571495,强势人气股
2024-12-05,603616,-9.570312500000004,强势人气股
2024-12-05,603669,-5.909090909090924,仿制药一致性评价
2024-12-05,605298,10.006540222367569,强势人气股
2024-12-06,000813,10.02865329512893,仿制药一致性评价
2024-12-06,001896,0.4255319148936079,煤炭
2024-12-06,002046,-4.797687861271687,强势人气股
2024-12-06,002437,1.7241379310344922,仿制药一致性评价
2024-12-06,002535,-7.7689243027888395,煤炭
2024-12-06,002713,10.049423393739694,强势人气股
2024-12-06,600157,10.270270270270267,煤炭
2024-12-06,601011,-14.054054054054054,强势人气股
2024-12-06,601929,8.189655172413792,强势人气股
2024-12-06,603021,-5.817174515235457,强势人气股
2024-12-09,002370,-1.932367149758456,强势人气股
2024-12-09,002398,-5.035971223021572,华为鲲鹏
2024-12-09,002530,10.033167495854055,华为鲲鹏
2024-12-09,002741,3.7158023683135983,电池回收
2024-12-09,601929,-5.8823529411764675,强势人气股
2024-12-09,603189,-7.870370370370383,华为鲲鹏
2024-12-09,603516,-5.646761681399968,强势人气股
2024-12-10,002347,-0.9083402146985916,电池回收
2024-12-10,002741,-5.779269202087996,电池回收
2024-12-10,300479,3.052208835341372,神经网络
2024-12-10,300961,-8.255033557046982,神经网络
2024-12-10,600560,0.0,神经网络
2024-12-10,600967,-9.420289855072465,中俄贸易
2024-12-11,000727,2.459016393442619,中俄贸易
2024-12-11,002354,0.8505467800729074,人工智能大模型
2024-12-11,002593,0.6060606060606146,中俄贸易
2024-12-11,002681,-6.8636796949475745,3D感应
2024-12-12,001318,-7.914151576123405,乳业（奶粉）
2024-12-12,002593,3.6343612334801767,G20峰会
2024-12-12,002946,-6.898656898656894,乳业（奶粉）
2024-12-12,300898,5.724098454493418,乳业（奶粉）
2024-12-12,600300,0.2604166666666727,乳业（奶粉）
2024-12-12,600429,8.082706766917287,乳业（奶粉）
2024-12-12,600797,2.6225769669327303,G20峰会
2024-12-12,605337,7.5907590759075925,乳业（奶粉）
2024-12-13,002115,9.963099630996311,G20峰会
2024-12-13,002291,9.808612440191391,广告营销
2024-12-13,002400,-1.962387571545382,广告营销
2024-12-13,002593,-26.42642642642643,G20峰会
2024-12-13,300493,4.8296518157993225,移动支付
2024-12-13,600556,10.026737967914439,广告营销
2024-12-13,600986,9.232769830949284,广告营销
2024-12-16,001359,-4.754883892370067,玻纤
2024-12-16,002127,-5.169340463458111,广告营销
2024-12-16,002201,-4.334828101644246,玻纤
2024-12-16,002291,6.956521739130442,广告营销
2024-12-16,002712,-9.001233045622683,广告营销
2024-12-16,600797,-11.111111111111102,G20峰会
2024-12-16,600986,-8.865248226950365,广告营销
2024-12-17,002115,-26.355296080066726,商务服务
2024-12-17,002291,-7.312252964426863,商务服务
2024-12-17,002768,-9.191456903127385,地摊经济
2024-12-17,600272,-10.404920553562281,地摊经济
2024-12-17,600679,-0.17381228273465316,地摊经济
2024-12-17,603598,-26.352594773647404,商务服务
2024-12-18,002173,10.017730496453908,眼科
2024-12-18,002291,-4.00745573159366,广告营销
2024-12-18,300465,-6.757912745936691,广告营销
2024-12-18,300612,-8.547794117647072,广告营销
2024-12-18,301101,-2.0986358866736623,眼科
2024-12-18,600679,0.05265929436546374,两轮车
2024-12-20,002616,1.8903591682419594,生物质能发电
2024-12-23,002616,-8.762886597938154,生物质能发电
2024-12-23,603759,0.7109004739336553,生物质能发电
2024-12-23,603803,-16.5596919127086,F5G
2024-12-24,000600,-0.32310177705978127,生物质能发电
2024-12-24,000810,3.9577836411609475,F5G
2024-12-24,002210,-1.75438596491229,生物质能发电
2024-12-24,002429,-8.791208791208799,F5G
2024-12-24,002449,-13.026521060842434,血氧仪
2024-12-24,002616,-2.6533996683250436,生物质能发电
2024-12-24,002796,-2.657601977750307,医用耗材
2024-12-26,001266,-4.261796042617965,卫星导航
2024-12-26,002730,10.0383141762452,卫星导航
2024-12-26,300252,5.863192182410429,卫星导航
2024-12-26,301536,-7.4062095730918545,卫星导航
2024-12-26,603236,0.3142935228204287,卫星导航
2024-12-27,002364,4.442508710801392,电力物联网
2024-12-27,600580,0.9713701431492909,电力物联网
2024-12-27,600590,1.6442451420029809,电力物联网
2024-12-27,603686,-20.289855072463762,金属回收
2024-12-30,002364,-4.592240696753761,电力物联网
2024-12-30,600973,-11.127167630057798,电力物联网
2024-12-30,603958,5.209914011127977,3d打印
2024-12-31,603958,-26.39080459770114,3d打印
2025-01-02,000533,-0.14992503748125618,智能电网
2025-01-02,002361,-4.9999999999999964,3d打印
2025-01-06,000756,-1.627780792186656,幽门螺杆菌
2025-01-07,003003,5.263157894736839,可降解塑料
2025-01-08,003003,-19.218500797448154,微盘股
2025-01-08,301157,0.18505338078291167,微盘股
2025-01-08,301187,-5.616942909760585,养老
2025-01-08,600080,-5.549132947976884,微盘股
2025-01-08,605033,10.01548786783685,乡村振兴
2025-01-09,301001,-1.49287491517757,微盘股
2025-01-13,605033,10.007757951900691,乡村振兴
2025-01-14,002050,2.9720279720279645,氢能源燃料电池
2025-01-14,603086,-1.4311270125223625,农药
2025-01-16,002582,0.0,乡村振兴
2025-01-17,002543,0.5025125628140745,高股息精选
2025-01-17,603511,7.5075075075075075,高股息精选
2025-01-21,002636,-15.700483091787435,QFII持股
2025-01-21,002729,0.0,QFII持股
2025-01-21,003030,5.075445816186554,QFII持股
2025-01-21,300638,-0.8365284071104984,QFII持股
2025-01-21,601689,1.9942103570279863,QFII持股
2025-01-21,603236,-1.308494122865388,区块链
2025-01-22,001208,6.378802747791957,军民融合
2025-01-22,002730,2.835463258785946,军民融合
2025-01-22,002917,8.563406644829191,军民融合
2025-01-22,003030,-23.35827098919367,宠物经济
2025-01-22,605162,10.023584905660373,节能环保
2025-01-23,000856,-1.1406844106463805,半年报预增
2025-01-23,002691,-24.477611940298512,3d打印
2025-01-23,002730,-9.985475671750182,3d打印
2025-01-24,000856,0.0,半年报预增
2025-01-24,001309,0.7926411586260909,深圳
2025-01-24,002881,10.005467468562067,深圳
2025-01-24,002965,-1.1479591836734675,半年报预增
2025-01-24,603308,-5.926916221033876,3d打印
2025-01-27,000856,-9.976433621366846,半年报预增
2025-01-27,300996,3.8307187157971567,区块链
2025-02-05,002394,-15.263748597081934,半年报预增
2025-02-05,002517,-0.7208387942332859,区块链
2025-02-05,300229,0.49001130795325665,数据要素
2025-02-05,600143,0.19550342130986875,碳中和
2025-02-05,603039,-0.9861325115562412,中国AI 50
2025-02-05,603758,-3.367633302151538,半年报预增
2025-02-05,688111,-3.407643312101919,中国AI 50
2025-02-06,003005,-12.592403772622987,数据要素
2025-02-06,300638,-3.3750680457267332,区块链
2025-02-06,600633,10.040485829959517,区块链
2025-02-06,601689,0.2274856148802378,中国AI 50
2025-02-06,603039,-6.1493206331418975,SAAS
2025-02-06,603171,0.9478672985782163,SAAS
2025-02-06,603236,-4.283447911158114,区块链
2025-02-06,603636,-12.06096752816435,区块链
2025-02-06,603893,4.004932446922582,中国AI 50
2025-02-06,605398,10.005920663114255,数据要素
2025-02-06,688023,1.0553245922609589,区块链
2025-02-06,688620,9.949972206781561,在线办公
2025-02-07,000977,-1.4698756259085715,中国AI 50
2025-02-07,002123,7.117688513037349,SAAS
2025-02-07,002212,-0.1190476190476165,区块链
2025-02-07,301208,3.7971752720537175,腾讯
2025-02-07,688227,6.871196754563898,区块链
2025-02-10,000034,0.0,云计算
2025-02-10,002123,2.4983984625240265,云计算
2025-02-10,002212,0.896860986547086,云计算
2025-02-10,002335,2.8368794326240945,腾讯
2025-02-10,002929,5.023065094823151,云计算
2025-02-10,300251,4.776119402985079,阿里巴巴
2025-02-10,300603,-2.548725637181408,云计算
2025-02-10,300766,5.3202587106196475,云计算
2025-02-10,300846,-3.240324032403236,云计算
2025-02-10,601728,-3.3163265306122423,云计算
2025-02-10,603496,-9.61910910264687,云计算
2025-02-10,603881,-3.5627530364372433,云计算
2025-02-10,688023,-6.956845238095237,云计算
2025-02-10,688039,-8.064516129032267,云计算
2025-02-10,688078,3.6802760207015552,云计算
2025-02-10,688158,4.637377963737803,云计算
2025-02-10,688228,-10.137601797247962,云计算
2025-02-10,688327,3.7792441511697596,云计算
2025-02-10,688365,1.4656144306651724,云计算
2025-02-11,002123,10.017472335468833,SAAS
2025-02-11,002929,9.995340167753959,阿里巴巴
2025-02-11,300251,6.965174129353226,阿里巴巴
2025-02-11,300634,-9.286112660345784,腾讯
2025-02-11,300766,-11.856745479833101,腾讯
2025-02-11,603039,-6.214689265536729,SAAS
2025-02-11,603636,-10.705445544554458,阿里巴巴
2025-02-11,603666,8.102212527267042,特高压
2025-02-11,603881,3.717335296282657,腾讯
2025-02-12,000156,9.871244635193133,G20峰会
2025-02-12,002261,7.957204948177863,云计算数据中心
2025-02-12,002364,6.469849246231152,云计算数据中心
2025-02-12,300170,-8.406026962727983,云计算数据中心
2025-02-12,300249,5.985037406483796,云计算数据中心
2025-02-12,600588,-5.4367745876603575,云计算数据中心
2025-02-12,600845,0.32650638171564095,云计算数据中心
2025-02-12,601231,0.6300114547537196,增强现实
2025-02-12,603206,-4.955659885237364,云计算数据中心
2025-02-12,603296,-0.6363737858657956,无线耳机
2025-02-12,603501,2.7346637102734577,无线耳机
2025-02-12,688135,2.4496937882764755,集成电路
2025-02-12,688316,-9.644121116791194,云计算数据中心
2025-02-13,002153,-7.741935483870973,电子发票
2025-02-13,002364,-3.483723586522004,特高压
2025-02-13,002691,-9.970887918486179,冬奥会
2025-02-13,301396,-2.6371308016877633,增强现实
2025-02-13,600498,-4.362416107382547,特高压
2025-02-14,002123,10.0174978127734,云视频
2025-02-14,002261,3.884372177055101,移动互联网
2025-02-14,002841,5.311355311355312,云视频
2025-02-14,002929,-4.020282506338281,云视频
2025-02-14,300251,15.174200978980718,移动互联网
2025-02-14,300287,7.788595271210008,云视频
2025-02-14,301396,20.000000000000004,增强现实
2025-02-14,301486,-8.032560282598675,增强现实
2025-02-14,600498,5.6984566679857585,特高压
2025-02-14,603918,3.9731929152704564,云视频
2025-02-17,002841,-5.411030176899052,云视频
2025-02-17,603918,-14.447345517841603,云视频
2025-02-19,002126,-0.1874062968515769,科创板IPO
2025-02-20,002126,3.0664395229982917,科创板IPO
2025-02-24,000065,9.04684975767366,智慧物流
2025-02-24,000967,-10.435931307793924,生态环境
2025-02-24,002034,-3.0303030303030303,生态环境
2025-02-24,002290,-9.502262443438912,预盈预增
2025-02-24,002343,-17.72823779193206,IP经济(谷子经济)
2025-02-24,002401,-4.333868378812211,智慧物流
2025-02-24,600173,0.3257328990228089,IP经济(谷子经济)
2025-02-24,603085,1.990811638591116,碳纤维
2025-02-25,002642,-7.16479017400204,泛在电力物联网
2025-02-25,003008,-6.05496040987423,电力物联网
2025-02-25,300324,-9.05432595573441,泛在电力物联网
2025-02-25,300488,-5.074037512339586,航天航空
2025-02-25,300895,-5.495274763738188,泛在电力物联网
2025-02-26,001282,2.8771929824561413,丝杠
2025-02-26,002276,3.3670033670033552,电动物流车
2025-02-26,600590,-4.959514170040488,碳纤维
2025-02-26,603085,-11.51170145477546,碳纤维
2025-02-26,603667,-1.9548872180451242,丝杠
2025-02-27,603496,9.353348729792152,能源互联网
2025-02-28,002582,6.949152542372869,快手
2025-02-28,603496,4.986876640419943,能源互联网
2025-03-03,002326,0.72793448589627,钠离子电池
2025-03-03,002532,-2.7027027027027026,钠离子电池
2025-03-03,003010,1.020408163265295,字节跳动
2025-03-03,300275,-9.820485744456192,壳公司
2025-03-03,300530,-2.4317121918720868,钠离子电池
2025-03-03,300619,-2.649625935162088,钠离子电池
2025-03-03,603200,-5.362776025236595,钠离子电池
2025-03-03,603496,-5.750417561441176,信息安全
2025-03-03,603823,-0.9865470852018046,钠离子电池
2025-03-04,002960,4.216867469879522,快手
2025-03-04,300183,11.927480916030534,能源互联网
2025-03-04,603595,0.0,新能源
2025-03-04,603810,0.38520801232664814,钠离子电池
2025-03-05,000528,-1.9425019425019427,大农业
2025-03-05,002326,-0.07880220646177925,大农业
2025-03-05,002960,-8.076659822039698,快手
2025-03-05,300183,-0.5964214711729565,能源互联网
2025-03-05,603602,-0.9680542110358145,通信基站
2025-03-06,000997,0.1573564122737968,物联网感知层
2025-03-06,002042,0.0,边缘计算
2025-03-06,002195,10.0,百度
2025-03-06,002236,3.410341034103416,边缘计算
2025-03-06,002706,0.0,边缘计算
2025-03-06,300153,-6.05532020931971,百度
2025-03-06,300248,14.613180515759305,边缘计算
2025-03-06,300311,-2.9887920298879123,信息安全
2025-03-06,301608,1.798087887027451,百度
2025-03-06,600590,2.3255813953488373,能源互联网
2025-03-06,601789,-3.1339031339031305,百度
2025-03-06,688003,-6.3677811550151935,百度
2025-03-07,000581,5.238698774820441,参股券商
2025-03-07,002236,-3.849999999999998,边缘计算
2025-03-07,002279,-10.568181818181824,信息安全
2025-03-07,300248,5.970149253731343,边缘计算
2025-03-07,300605,-13.309535951045381,边缘计算
2025-03-07,601020,1.951219512195112,半年报预增
2025-03-07,605196,-0.9537784299339748,半年报预增
2025-03-07,605319,-2.337023370233692,半年报预增
2025-03-10,000581,5.075552111584666,参股券商
2025-03-12,000409,-7.613908872901676,华为盘古
2025-03-12,002760,-17.02564102564103,节能减排
2025-03-13,002196,-7.136322049405301,节能电机
2025-03-13,300248,-4.759592034968434,AI助理
2025-03-13,600698,1.0825439783491213,节能减排
2025-03-14,002105,4.585679806918748,运输设备
2025-03-14,601022,-6.413043478260868,浙江国企改革
2025-03-17,000705,-7.0883315158124365,浙江国企改革
2025-03-18,002278,10.023584905660373,龙虎榜热门
2025-03-19,002204,10.03460207612457,核电
2025-03-19,002276,1.6260162601626031,核电
2025-03-19,002342,-0.3696857670979753,核电
2025-03-19,002980,-1.785714285714283,核电
2025-03-20,001256,2.2037687639731756,专用设备
2025-03-20,002278,4.58089668615985,专用设备
2025-03-20,300879,-3.3930254476908526,专用设备
2025-03-20,600320,8.50111856823266,专用设备
2025-03-20,601890,4.766949152542384,船舶
2025-03-20,603280,-10.697674418604645,专用设备
2025-03-20,603960,-5.01319261213721,专用设备
2025-03-21,001202,10.027100271002718,船舶
2025-03-21,001379,-6.499429874572396,航天
2025-03-21,002164,-16.855753646677474,专用设备
2025-03-21,002278,-0.9743135518157612,专用设备
2025-03-21,002903,-17.976278724981473,苹果
2025-03-21,301079,3.2346868547832113,航天
2025-03-21,600320,9.95934959349594,专用设备
2025-03-21,601608,10.076045627376432,专用设备
2025-03-21,601890,6.936416184971087,船舶
2025-03-21,603011,-4.085801838610814,龙虎榜热门
2025-03-21,603280,9.928571428571432,专用设备
2025-03-25,000733,-5.54418287273968,航天航空
2025-03-25,002165,2.6490066225165587,航天航空
2025-03-25,600320,-18.487394957983202,机械
2025-03-25,601399,-0.301204819277102,机械
2025-03-26,002204,-6.6511085180863505,机械
2025-03-26,301279,4.547069271758442,机械
2025-03-26,603169,-8.169014084507044,一体化压铸
2025-03-26,603289,-16.09880749574106,一体化压铸
2025-03-27,002338,0.1995123032587085,航天
2025-03-27,603011,-11.764705882352938,一体化压铸
2025-03-27,603112,-3.6877688998156093,金属制品
2025-03-28,002132,6.857142857142863,金属制品
2025-03-28,300871,-3.492063492063488,兽药
2025-04-01,300871,3.7037037037037033,兽药
2025-04-01,301156,-8.977407847800237,动物保健
2025-04-01,301201,-3.252367229312471,动物保健
2025-04-01,603276,-24.931656642974296,动物保健
2025-04-01,603579,-19.464882943143817,家电
2025-04-02,002923,-5.511811023622049,医药电商
2025-04-03,002471,-9.880239520958087,特高压
2025-04-03,002549,-18.16546762589928,工业气体
2025-04-07,002549,-2.8776978417266053,工业气体
2025-04-09,603169,-3.5749751737835096,光热发电
2025-04-10,000582,0.6856023506366161,港口
2025-04-10,300240,-4.45632798573975,中俄贸易
2025-04-10,600257,0.1923076923076882,水产养殖
2025-04-10,600798,9.969788519637463,中俄贸易
2025-04-11,000582,-3.5305343511450475,港口
2025-04-14,603069,-0.0951474785918153,自由贸易港
2025-04-15,001234,9.98708566508825,长三角一体化
2025-04-15,603128,10.030395136778116,自由贸易港
2025-04-16,002040,9.95962314939435,长三角一体化
2025-04-16,002719,-0.9999999999999984,高质押率
2025-04-16,600575,1.6000000000000014,长三角一体化
2025-04-17,001234,-1.7787264318747775,服装
2025-04-17,600575,0.0,长三角一体化
2025-04-17,600794,6.249999999999995,长三角一体化
2025-04-17,603128,-5.653266331658294,上海自贸区
2025-04-17,603237,1.9990701999070184,长三角一体化
2025-04-17,688602,0.11337868480725381,比亚迪
2025-04-18,000514,-2.2222222222222143,强势人气股
2025-04-18,600794,6.768558951965057,航运
2025-04-18,605188,0.0,强势人气股
2025-04-21,000990,-4.488778054862836,江西
2025-04-21,300972,-1.5279007971656284,福建
2025-04-21,600794,9.920634920634921,航运
2025-04-21,603237,-3.8599640933572683,长三角一体化
2025-04-21,603696,-4.538799414348469,福建
2025-04-21,605188,-9.953856295319708,强势人气股
2025-04-22,000514,-7.83898305084746,强势人气股
2025-04-22,000965,0.0,2025中报预增
2025-04-22,002317,-0.4222972972973033,2025中报预增
2025-04-22,002627,6.239460370994943,航运
2025-04-22,300350,5.049088359046288,航运
2025-04-22,600389,-2.4808033077377325,2025中报预增
2025-04-22,600668,0.755667506297228,2025中报预增
2025-04-22,603696,-9.980039920159681,2025中报预增
2025-04-23,002201,-4.238410596026482,2025中报预增
2025-04-23,002627,-14.417177914110423,航运
2025-04-24,002251,0.5979073243647239,智能物流
2025-04-24,002469,-4.233870967741934,油气存储
2025-04-24,002537,6.592178770949719,2025中报预增
2025-04-24,002562,-6.05427974947808,2025中报预增
2025-04-24,600051,10.000000000000002,航运
2025-04-24,603086,3.4956304619225884,2025中报预增
2025-04-25,000565,-3.350970017636676,乙二醇
2025-04-25,000965,-15.706806282722518,空客
2025-04-25,002251,2.0380434782608625,智能物流
2025-04-25,600822,4.648956356736245,智能物流
2025-04-25,603648,-4.517271922054914,智能物流
2025-04-28,600822,-3.796376186367554,智能物流
2025-04-29,600828,0.0,信托
2025-04-30,600828,-20.17241379310345,信托
2025-05-06,001380,-3.031988873435336,华为汽车
2025-05-06,002860,-0.7668711656441691,家用电器
2025-05-07,605068,-0.9713701431492727,华为汽车
2025-05-07,605288,-2.9677962534203255,奇瑞汽车
2025-05-07,688280,-3.976143141153085,奇瑞汽车
2025-05-08,000677,-9.945750452079562,山东
2025-05-08,002284,-4.358353510895891,奇瑞汽车
2025-05-08,300994,-5.879371515458693,两轮车
2025-05-08,301209,-8.306364617044224,山东
2025-05-08,600448,10.055865921787706,山东
2025-05-08,600523,-0.14104372355429884,奇瑞汽车
2025-05-08,688159,-8.989865969271003,奇瑞汽车
2025-05-09,000559,9.952606635071088,北汽新能源
2025-05-09,001328,0.0,高派息
2025-05-09,002819,-8.500590318772144,小米
2025-05-09,603657,0.2435064935064883,小米
2025-05-12,000519,-4.354587869362363,商业航天
2025-05-12,002413,7.620817843866173,商业航天
2025-05-12,002651,7.222787385554416,商业航天
2025-05-12,002977,10.004516711833784,商业航天
2025-05-12,302132,-0.19820571667014159,高派息
2025-05-12,600184,-0.9968847352024931,AI眼镜
2025-05-12,600562,0.3433803891644405,商业航天
2025-05-12,603416,4.260192395785626,高派息
2025-05-12,603712,3.8653933606184694,商业航天
2025-05-13,002331,4.505494505494507,举牌
2025-05-13,600448,-9.977827050997787,C2M
2025-05-13,600530,9.516129032258062,举牌
2025-05-13,605138,4.985754985754993,纺织服装
2025-05-14,002331,-9.990009990009991,举牌
2025-05-14,600448,-3.6290322580645102,C2M
2025-05-14,600530,4.1055718475073215,举牌
2025-05-14,600735,1.2396694214876014,纺织服装
2025-05-14,601866,7.662835249042153,举牌
2025-05-14,605055,-3.427895981087481,印染
2025-05-14,605138,2.331606217616588,纺织服装
2025-05-15,301108,2.5951046888823432,纺织服装
2025-05-15,600448,-7.196969696969695,印染
2025-05-15,600530,6.666666666666667,举牌
2025-05-15,600735,-5.006257822277852,纺织服装
2025-05-15,601018,-10.213776722090264,举牌
2025-05-15,601866,-4.878048780487809,举牌
2025-05-15,603839,3.0927835051546384,纺织服装
2025-05-15,605055,-0.6444683136412512,印染
2025-05-15,605138,-5.300353356890472,纺织服装
2025-05-16,002190,6.79855112844803,四川
2025-05-16,002651,4.446012702893443,四川
2025-05-16,300258,-9.788654060066749,人形机器人
2025-05-16,600530,-15.151515151515152,举牌
2025-05-16,603665,1.902173913043486,纺织服装
2025-05-16,603839,-4.685408299866126,纺织服装
2025-05-19,002116,-4.89833641404807,锂电池
2025-05-19,002136,1.56121610517666,锂电池
2025-05-19,002190,6.889564336372862,锂电池
2025-05-19,002735,10.021629416005773,消费电子
2025-05-19,300631,0.3254678600488277,锂电池
2025-05-19,600501,-5.195402298850571,天然气
2025-05-20,002297,3.6866359447004644,成飞
2025-05-20,600793,3.174603174603184,四川
2025-05-20,603725,4.677623261694048,半年报预增
2025-05-20,605289,-1.8691588785046804,半年报预增
2025-05-21,001206,-8.36305984938565,2024年报预增
2025-05-21,002074,1.313320825515953,两轮车
2025-05-21,002286,-1.6719745222930003,2024年报预增
2025-05-21,002590,-8.878770631758671,两轮车
2025-05-21,002735,-6.908874329958299,两轮车
2025-05-21,300204,-0.42402826855124026,医疗卫生
2025-05-21,300584,1.4919941775836978,医疗卫生
2025-05-21,600550,-13.043478260869563,新基建
2025-05-21,600644,0.8485639686684008,四川
2025-05-21,600793,-3.246966218432268,四川
2025-05-21,600807,-12.983425414364646,医疗卫生
2025-05-22,002121,-6.3583815028901745,新基建
2025-05-22,603333,10.032362459546928,新基建
2025-05-22,688336,0.017639795378382638,单抗
2025-05-23,002437,-2.1505376344086042,单抗
2025-05-23,002471,5.944798301486205,智能电网
2025-05-23,600521,-2.567094515752633,单抗
2025-05-26,002471,3.4749034749034866,特高压
2025-05-26,600353,-7.083716651333943,特高压
2025-05-27,000078,0.0,生物医药
2025-05-27,002437,2.07612456747405,单抗
2025-05-27,688336,-6.525285481239805,单抗
2025-05-28,000639,-6.8493150684931505,体育产业
2025-05-28,002366,3.7383177570093373,海工装备
2025-05-28,002427,-5.2385406922357225,海工装备
2025-05-28,002639,-5.903083700440528,体育产业
2025-05-28,603176,-7.4626865671641855,水利
2025-05-28,605167,0.4262574595055323,海工装备
2025-05-29,002366,-5.7038834951456385,海工装备
2025-05-29,002471,-2.970297029702966,水利
2025-05-29,603333,-2.0080321285140665,水利
2025-05-29,603577,-9.879518072289146,海工装备
2025-05-29,603839,-7.786429365962191,大消费
2025-05-30,000029,-1.399300349825093,2025中报预增
2025-05-30,003041,-2.065868263473047,2025中报预增
2025-05-30,603390,-9.368530020703927,2025中报预增
2025-06-03,002181,-3.7766830870279073,职业教育
2025-06-03,002663,-7.106598984771568,养老产业
2025-06-03,002878,-19.696250593260554,京东
2025-06-03,003010,4.2771837244827084,京东
2025-06-03,301024,-13.041887689775017,光伏建筑一体化
2025-06-03,603017,-4.263206672845219,光伏建筑一体化
2025-06-04,002116,-4.196428571428561,装配式建筑
2025-06-04,002177,-4.041720990873529,区块链
2025-06-04,002191,0.4750593824228138,区块链
2025-06-04,002657,6.618209640397859,区块链
2025-06-04,003010,0.0,京东
2025-06-04,300949,0.0,职业教育
2025-06-04,603017,1.8534119629317662,装配式建筑
2025-06-04,603093,9.974587039390078,区块链
2025-06-05,002104,1.3257575757575641,NFC
2025-06-05,002177,-2.606635071090034,NFC
2025-06-05,002657,-11.234782608695653,华为鲲鹏
2025-06-05,301005,-1.956521739130432,无人机
2025-06-05,301197,-1.273560876209883,华为鲲鹏
2025-06-05,603106,0.5102040816326422,区块链储备
2025-06-05,603226,9.95975855130785,家具家居
2025-06-06,002395,-5.7337220602526715,足球
2025-06-06,002546,1.6611295681063212,智能电网
2025-06-06,003040,10.012836970474972,AI智能体
2025-06-06,603829,7.04145371947758,智能电网
2025-06-09,002181,4.9475262368815605,足球
2025-06-09,002471,-1.762820512820518,智能电网
2025-06-09,301287,12.242798353909457,足球
2025-06-09,600158,-3.969957081545075,足球
2025-06-09,600468,-3.3142857142857043,智能电网
2025-06-09,603226,-9.983361064891842,家具家居
2025-06-09,603313,-3.8043478260869534,家具家居
2025-06-09,603829,1.1874032008260216,智能电网
2025-06-09,605099,10.004977600796423,足球
2025-06-10,002161,3.8461538461538374,etc
2025-06-10,603385,-7.2702331961591256,家具家居
2025-06-10,603818,-0.6263048016701513,家具家居
2025-06-11,000948,-3.4416826003824204,AI智能体
2025-06-11,002339,-9.431818181818192,3d打印
2025-06-11,002376,9.948979591836727,3d打印
2025-06-11,003040,-4.687499999999993,AI智能体
2025-06-11,300220,-8.361691784151672,3d打印
2025-06-11,301110,3.9933719966859926,AI智能体
2025-06-12,002181,-1.689189189189193,智慧政务
2025-06-12,002348,-3.4883720930232434,3d打印
2025-06-12,300987,6.637596899224811,智慧政务
2025-06-16,000701,-8.023952095808383,无人商店
2025-06-16,000892,-4.952830188679244,虚拟数字人
2025-06-16,002615,-9.929078014184391,共同富裕示范区
2025-06-16,002799,-2.411021814006898,虚拟数字人
2025-06-16,002878,-0.9846827133479326,虚拟数字人
2025-06-16,002940,4.967230079337708,共同富裕示范区
2025-06-17,002348,-9.59488272921109,3d打印
2025-06-17,600475,0.0,低碳
2025-06-18,002104,-2.0395550061804704,大数据
2025-06-18,002235,-3.970223325062038,互联网彩票
2025-06-19,000968,0.6289308176100606,致密气
2025-06-19,002207,7.462686567164178,致密气
2025-06-19,002268,-0.7851934941110321,大数据
2025-06-19,002476,-0.7648183556405359,致密气
2025-06-19,600722,-7.464454976303317,雄安新区
2025-06-19,603619,-5.632618747372845,中伊
2025-06-19,603969,-14.943960149439594,中伊
2025-06-20,002235,2.1040974529346763,大数据
2025-06-20,300462,-8.326530612244895,大数据
2025-06-20,600604,-8.203124999999998,大数据
2025-06-20,603616,0.0,节能环保
2025-06-23,000637,-10.074626865671641,能源加工
2025-06-24,002051,-0.9019165727170245,双百行动
2025-06-25,002217,10.038610038610047,东数西算算力
2025-06-25,002265,8.010732081257187,汽车零部件
2025-06-25,002537,6.893542757417095,汽车零部件
2025-06-25,002657,-5.975159449479683,东数西算算力
2025-06-25,600841,-7.50382848392037,汽车零部件
2025-06-25,603982,-9.424520433694752,汽车零部件
2025-06-26,000850,-4.411764705882352,涉矿
2025-06-26,002167,2.1739130434782608,涉矿
2025-06-26,002265,2.05574912891986,汽车零部件
2025-06-26,301022,14.166256763403851,汽车零部件
2025-06-26,603928,-12.978617603182494,汽车零部件
2025-06-27,300993,-1.9754768392370514,露营
2025-06-27,600446,-3.060217176702867,互联网保险
2025-06-27,600651,-6.889352818371609,汽车零部件
2025-06-27,601718,10.112359550561795,露营
2025-06-27,603758,-4.818560380725751,汽车零部件
2025-06-30,002263,6.295399515738493,石墨烯
2025-06-30,002265,-4.519044544867663,汽车零部件
2025-06-30,002725,2.5796661608497713,汽车零部件
2025-06-30,003031,3.608344296184931,被动元件
2025-06-30,300537,-1.725431357839463,石墨烯
2025-06-30,605180,10.000000000000002,膜材料
2025-07-01,002080,3.869463869463878,陶瓷
2025-07-01,002263,-13.436123348017617,膜材料
2025-07-01,002669,10.03134796238244,被动元件
2025-07-01,003031,-7.688364941055868,被动元件
2025-07-01,300293,-10.109380178985749,振兴东北
2025-07-02,002295,9.978768577494687,强势人气股
2025-07-02,002623,10.023310023310017,强势人气股
2025-07-02,601003,9.62441314553991,强势人气股
2025-07-02,603280,-0.9365994236311295,强势人气股
2025-07-02,603716,3.214695752009177,强势人气股
2025-07-03,002871,-7.192042846212697,消防
2025-07-03,601003,2.3454157782515868,强势人气股
2025-07-03,603130,0.0,纺织服装
2025-07-03,603716,10.02087682672233,强势人气股
2025-07-03,605500,9.951456310679614,强势人气股
2025-07-07,000514,9.902912621359219,强势人气股
2025-07-07,001896,4.267161410018561,碳中和
2025-07-07,002052,-0.1610305958132011,强势人气股
2025-07-07,002324,1.659388646288221,碳纤维
2025-07-07,002636,3.1275060144346334,玻纤
2025-07-07,300335,-8.077994428969362,碳中和
2025-07-07,600396,0.0,绿色电力
2025-07-07,600475,3.5430224150397702,强势人气股
2025-07-07,600513,3.616484440706474,强势人气股
2025-07-07,600726,0.35842293906809275,绿色电力
2025-07-07,603256,-1.481481481481485,强势人气股
2025-07-07,603716,-5.088400172488139,强势人气股
2025-07-07,605028,10.000000000000005,绿色电力
2025-07-07,605122,10.030864197530855,强势人气股
2025-07-07,605162,10.010649627263039,碳中和
2025-07-08,000514,0.0,强势人气股
2025-07-08,001359,-1.7322444939371338,玻纤
2025-07-08,002201,0.22002200220021534,玻纤
2025-07-08,002218,9.677419354838705,光伏建筑一体化
2025-07-08,002623,0.28432168968318555,光伏建筑一体化
2025-07-08,002636,9.985422740524776,玻纤
2025-07-08,301526,8.928571428571432,玻纤
2025-07-08,600438,-0.09990009990009778,绿色电力
2025-07-08,600475,0.59171597633136,光伏建筑一体化
2025-07-08,600513,6.957186544342509,强势人气股
2025-07-08,600744,2.9850746268656683,强势人气股
2025-07-08,603256,2.333931777378813,强势人气股
2025-07-08,605006,9.895227008149005,玻纤
2025-07-09,001203,9.963099630996311,储能
2025-07-09,002067,-6.636155606407323,绿色电力
2025-07-09,002121,10.01757469244287,储能
2025-07-09,002295,-1.2681159420289747,储能
2025-07-09,002623,-5.465288035450506,光伏建筑一体化
2025-07-09,002927,-3.337378640776703,储能
2025-07-09,002951,8.034682080924858,储能
2025-07-09,300371,2.9098651525904904,绿色电力
2025-07-09,301120,8.21529745042493,储能
2025-07-09,301217,1.6781836130306014,储能
2025-07-09,600236,0.0,绿色电力
2025-07-09,600475,5.499103407053187,光伏建筑一体化
2025-07-09,600537,0.7556675062972242,光伏建筑一体化
2025-07-09,600744,0.0,储能
2025-07-09,600821,-0.16750418760468655,储能
2025-07-09,603618,-8.402203856749303,储能
2025-07-09,603778,-0.9685230024213084,虚拟电厂
2025-07-09,605162,-4.489436619718308,储能
2025-07-10,000590,3.003003003003006,中医药
2025-07-10,000607,9.999999999999993,物流电商平台
2025-07-10,002107,8.282208588957056,中医药
2025-07-10,002314,0.0,物流电商平台
2025-07-10,002628,5.476673427991896,装配式建筑
2025-07-10,300019,-6.36400486420754,装配式建筑
2025-07-10,300254,-5.686433793663697,中医药
2025-07-10,600939,4.986876640419946,装配式建筑
2025-07-10,603439,-0.9984639016897005,中医药
2025-07-10,603778,7.048458149779742,虚拟电厂
2025-07-11,000655,-11.162790697674412,黑色金属
2025-07-11,001896,7.014681892332784,光伏建筑一体化
2025-07-11,600010,5.263157894736858,黑色金属
2025-07-11,600399,-1.551724137931032,黑色金属
2025-07-11,600569,-10.20408163265306,黑色金属
2025-07-11,603439,-8.100558659217878,中医药
2025-07-14,000600,0.47732696897373683,虚拟电厂
2025-07-14,002121,2.887537993920965,虚拟电厂
2025-07-14,002295,-13.806863527533908,虚拟电厂
2025-07-14,002927,-3.6570743405275747,虚拟电厂
2025-07-14,600268,1.693002257336347,虚拟电厂
2025-07-14,600379,-11.058344640434198,虚拟电厂
2025-07-14,603778,-2.1857923497267775,虚拟电厂
2025-07-15,003037,1.587301587301591,基建工程
2025-07-16,002117,0.16038492381715777,蚂蚁金服
2025-07-16,002645,-1.6522988505747158,金属回收
2025-07-16,002951,-1.7589239524055864,蚂蚁金服
2025-07-17,000911,-5.5354993983152925,智能物流
2025-07-17,002010,-3.4313725490196076,智能物流
2025-07-17,600620,0.8522727272727216,智能物流
2025-07-17,600822,-7.893101305158481,智能物流
2025-07-18,002315,-3.1408131216192707,互联网平台
2025-07-18,600629,7.836990595611285,大基建
2025-07-18,600826,1.5182884748102183,上海自由贸易港
2025-07-21,000401,0.952380952380949,河北
2025-07-21,002578,-0.7999999999999948,有色铝
2025-07-21,002761,3.729838709677411,基建工程
2025-07-21,300865,9.469074986316368,基建工程
2025-07-21,600230,-2.8420356906807767,河北
2025-07-21,603612,0.0,有色铝
2025-07-22,002062,4.085257548845479,地下管廊
2025-07-22,002205,0.9587020648967479,地下管廊
2025-07-22,002307,2.45535714285713,大基建
2025-07-22,002628,-7.730263157894733,大基建
2025-07-22,002761,7.655954631379967,大基建
2025-07-22,002883,7.498197548666193,大基建
2025-07-22,002941,-4.7372316802368655,大基建
2025-07-22,301038,10.00862812769629,地下管廊
2025-07-22,600444,-13.307325530992632,地下管廊
2025-07-22,600820,4.710632570659496,地下管廊
2025-07-22,601399,7.526881720430103,大基建
2025-07-22,601608,5.500982318271125,大基建
2025-07-22,601800,2.6137463697967043,大基建
2025-07-22,603018,0.10582010582012237,大基建
2025-07-22,605598,5.462822458270111,大基建
2025-07-23,003037,-15.245478036175708,地下管廊
2025-07-23,301038,-2.9475197699496776,地下管廊
2025-07-23,600650,-5.07736943907157,券商相关
2025-07-23,600820,-13.708690330477358,地下管廊
2025-07-24,000735,0.1420454545454515,生态农业
2025-07-24,000762,1.4975041597337746,有色镍
2025-07-24,002097,9.965928449744462,核污染防治
2025-07-24,300189,-0.36563071297988253,生态农业
2025-07-24,301038,-8.20850808867586,物业管理
2025-07-24,600515,6.280193236714993,物业管理
2025-07-24,603799,-0.22825838849578045,有色镍
2025-07-28,000680,-1.1786038077969085,工程机械
2025-07-28,603273,-6.904995102840353,机械
2025-07-29,002097,4.054054054054047,工程机械
2025-07-29,300528,6.682464454976303,影视娱乐
2025-07-30,000802,-4.870129870129867,影视娱乐
2025-07-30,002905,4.562737642585556,影视娱乐
2025-07-30,300528,6.635071090047393,影视娱乐
2025-07-30,600749,9.984399375975034,公共设施
2025-07-31,002905,-7.865168539325844,影视传媒
2025-07-31,301171,7.0661896243291515,爱奇艺
2025-07-31,605389,4.102878138395587,工程机械
2025-08-01,000558,4.070556309362277,影视传媒
2025-08-01,300486,8.050847457627123,宁德时代
2025-08-01,688800,4.524180967238698,宁德时代
2025-08-04,300289,-3.5502958579881776,创业板重组松绑
2025-08-04,300486,12.12477928193056,宁德时代
2025-08-04,603119,0.7492507492507421,宁德时代
2025-08-05,000665,-2.733118971061092,爱奇艺
2025-08-06,002048,-1.812415043044851,宁德时代
2025-08-06,002611,3.5805626598465388,口腔
2025-08-06,002837,-7.516629711751664,宁德时代
2025-08-06,300731,-3.6714770797962584,宁德时代
2025-08-06,301397,-6.680639245480754,宁德时代
2025-08-06,603119,-5.814798662596307,宁德时代
2025-08-07,000070,-0.5841121495327186,字节跳动
2025-08-07,002354,1.2080536912751658,字节跳动
2025-08-07,002611,0.0,无人物流车
2025-08-07,002733,-3.5974973931178376,字节跳动
2025-08-07,600410,2.0470053070508065,字节跳动
2025-08-08,002046,0.0,海上风电
2025-08-08,002622,-5.705705705705704,口腔
2025-08-08,002674,-3.480475382003397,口腔
2025-08-08,301232,3.3254156769596164,湖南
2025-08-11,002536,-4.0546308151941926,河南
2025-08-11,002841,1.5392508978963608,密集调研
2025-08-11,300690,3.892944038929422,海上风电
2025-08-11,301005,0.017898693395391293,密集调研
2025-08-11,600172,-1.1857707509881346,培育钻石
2025-08-12,600203,1.1534025374855783,MiniLED
2025-08-12,600410,2.944942381562094,参股新股
2025-08-12,600658,9.40766550522648,参股新股
2025-08-12,601137,2.7502254283137937,无线耳机
2025-08-13,000901,4.841006169909822,东北振兴
2025-08-13,002549,9.986684420772304,大气治理
2025-08-13,002833,-0.051072522982625185,大气治理
2025-08-13,002911,9.991311902693313,供水供气
2025-08-13,002941,-2.1762785636561404,新疆
2025-08-13,300290,4.712041884816746,振兴东北
2025-08-13,600231,-5.627705627705623,振兴东北
2025-08-13,600778,-10.318471337579613,新疆
2025-08-13,601929,4.166666666666664,东北振兴
2025-08-13,603177,-6.63636363636364,大气治理
2025-08-13,605169,6.019221041982808,供水供气
2025-08-14,601929,-4.797979797979797,三网融合
2025-08-15,002052,10.013262599469494,三网融合
2025-08-15,002259,-6.719367588932804,供水供气
2025-08-15,002911,10.0,供水供气
2025-08-18,002182,0.06877579092160635,苹果产业链
2025-08-18,002241,-1.7745302713987405,苹果产业链
2025-08-18,002259,-2.1113243761996223,供水供气
2025-08-18,002600,2.4258760107816673,苹果产业链
2025-08-18,002871,5.634715025906731,俄乌冲突
2025-08-18,002981,1.5338345864661593,苹果产业链
2025-08-18,002993,-7.86352855318373,苹果产业链
2025-08-18,301128,1.5567252771866955,苹果产业链
2025-08-18,600392,-0.9803921568627451,苹果产业链
2025-08-18,600881,3.240740740740733,东北振兴
2025-08-18,601798,2.7077497665732877,俄乌冲突
2025-08-18,601929,-0.23201856148491387,东北振兴
2025-08-19,002600,3.4313725490196076,苹果产业链
2025-08-19,600839,4.798628963153389,三网融合
2025-08-19,601138,-4.927417705990588,苹果产业链
2025-08-20,002004,1.7964071856287396,医疗美容
2025-08-20,002186,-4.211332312404293,北京国企改革
2025-08-20,600658,-3.3018867924528434,北京国企改革
2025-08-20,603222,0.8431703204047338,医疗美容
2025-08-22,300537,-8.191999999999997,液晶面板LCD
2025-08-22,603626,-1.7038007863695925,柔性屏(折叠屏)
2025-08-27,600284,-4.954499494438829,土木工程
2025-08-28,002871,-0.7477567298105612,地下管廊
2025-08-29,600392,0.9857612267250806,低碳
2025-09-01,002062,-1.9859813084112141,地下管廊
2025-09-01,002669,-1.8758085381630072,军工信息化
2025-09-01,300324,-0.9067357512953289,军工信息化
2025-09-01,603289,2.7077497665732877,地下管廊
2025-09-02,000661,1.138641648624811,吉林
2025-09-02,000821,-5.740181268882173,钙钛矿电池
2025-09-03,002514,8.469539375928669,TOPCON电池
2025-09-03,600697,-0.21246458923512296,吉林
2025-09-03,601929,-2.3508137432188043,吉林
2025-09-04,002009,-9.635974304068526,理想汽车
2025-09-04,002547,-12.418300653594768,华为手机
2025-09-04,603926,-10.213243546576882,理想汽车
2025-09-05,600021,5.9220028887819,清洁能源
2025-09-05,600509,-1.8641810918774926,火电
2025-09-05,603773,-0.35952747817154745,指纹识别
2025-09-08,600021,-3.676148796498905,清洁能源
2025-09-09,002244,0.5395683453237455,证金持股
2025-09-09,600376,3.0588235294117623,证金持股
2025-09-10,000061,3.0172413793103576,证金持股
2025-09-10,600376,1.7094017094017109,证金持股
2025-09-10,603119,-4.239068168798929,小家电
2025-09-10,603328,3.193277310924361,证金持股
2025-09-11,600173,-11.700975081256772,保障房
2025-09-11,600376,-2.9126213592233077,保障房
2025-09-11,600510,0.0,保障房
2025-09-12,002146,4.0000000000000036,雄安地产
2025-09-12,002335,-0.05793742757822458,福建
2025-09-12,600376,9.074410163339383,北京国企改革
2025-09-15,002082,0.6178287731685814,中药
2025-09-15,300049,0.5714980544747068,中药
2025-09-15,600103,-2.173913043478253,中药
2025-09-15,600433,0.28818443804033966,人民币升值
2025-09-16,600376,2.848575712143934,住房租赁
2025-09-16,601136,-4.884318766066841,北京国企改革
2025-09-17,000700,4.351329572925054,民营医院
2025-09-17,600376,5.585831062670302,REITs
2025-09-17,600816,5.633802816901413,REITs
2025-09-18,002011,-3.7297677691766435,冷链
2025-09-18,002031,-7.228915662650608,冷链
2025-09-18,002158,-2.2101326079564725,冷链
2025-09-18,002344,-5.791505791505788,民营医院
2025-09-18,002549,-8.862034239677733,冷链
2025-09-18,600162,10.069444444444446,民营医院
2025-09-22,002059,-3.5846724351050687,REITs
2025-09-22,002145,-1.027397260273966,甘肃
2025-09-22,600895,-3.642773207990593,REITs
2025-09-23,300250,-2.9669075694180207,智慧政务
2025-09-23,600400,-20.595533498759306,京东
2025-09-23,603686,0.10725777618877776,智慧政务
2025-09-24,600239,0.35460992907802236,养老
2025-09-24,600718,-3.7910699241785957,养老
2025-09-24,600748,-4.411764705882352,养老
2025-09-25,000977,0.525969756738995,算力
2025-09-25,002298,-2.1029731689630107,智慧政务
2025-09-25,603011,4.738154613466331,算力
2025-09-29,600629,9.585889570552148,迪士尼
2025-09-30,002513,9.999999999999991,农药
2025-09-30,600629,1.0805158591843804,迪士尼
2025-09-30,600676,4.4094488188976415,迪士尼
2025-09-30,603077,-2.3255813953488293,农药
2025-10-09,002184,1.2894906511927857,迪士尼
2025-10-09,600846,0.0,迪士尼
2025-10-09,603077,1.3100436681222623,农药
2025-10-10,601992,-2.1390374331550817,雄安基建
2025-10-13,002811,3.9589442815249205,装修装饰
2025-10-13,600234,-0.4366812227074143,装修装饰
2025-10-13,603038,1.657458563535903,装修装饰
2025-10-16,688336,-5.660377358490568,生物医药
2025-10-17,600403,4.242424242424246,煤炭
2025-10-17,600408,-5.723905723905736,煤炭
2025-10-20,300626,-4.107424960505526,创业板重组松绑
2025-10-20,600121,6.055045871559634,煤炭
2025-10-20,600403,10.055096418732788,煤炭
2025-10-20,600408,-2.1406727828746126,煤炭
2025-10-20,600758,-3.7117903930130987,煤炭
2025-10-20,600792,9.677419354838694,煤炭
2025-10-20,601011,-3.409090909090917,煤炭
2025-10-20,601015,0.0,煤炭
2025-10-21,600676,-2.9207232267037546,沪自贸区
2025-10-21,600708,3.1941031941031914,沪自贸区
2025-10-21,600748,3.2697547683923736,沪自贸区
2025-10-22,002207,-4.259634888438133,俄乌冲突
2025-10-22,002554,-0.25839793281654344,俄乌冲突
2025-10-22,002828,-0.5636070853462181,俄乌冲突
2025-10-22,301158,-7.989607015264699,俄乌冲突
2025-10-22,600403,8.07736063708761,河南国企改革
2025-10-22,600871,7.509881422924917,俄乌冲突
2025-10-24,002213,10.021505376344079,信创
2025-10-24,002682,2.641509433962275,新疆振兴
2025-10-24,600502,-8.33333333333334,新疆振兴
2025-10-24,603025,9.725953788285882,信创
2025-10-27,001258,-1.8248175182481792,新疆振兴
2025-10-27,603232,-8.7037903603182,新疆振兴
2025-10-28,002629,-0.9414225941422579,油气开采
2025-10-28,603232,-5.042773525438996,新疆振兴
2025-10-28,603909,-7.228915662650591,新疆振兴
2025-10-29,000599,-19.09845788849347,奇瑞汽车
2025-10-29,002895,4.469106178764232,化肥
2025-10-29,300520,-7.0530098831985635,奇瑞汽车
2025-10-29,600089,-2.0843202273803776,雄安能化
2025-10-29,601611,-4.211956521739137,混改
2025-10-30,000592,-1.355421686746986,化肥
2025-10-30,002466,-0.3939122649955217,化肥
2025-10-30,300745,-1.8108651911468785,奇瑞汽车
2025-10-30,603122,7.415730337078654,智慧医疗
2025-10-30,603909,2.9529130087789386,福建自贸海西
2025-10-31,000555,-9.090909090909092,京东数科
2025-10-31,000592,8.757062146892656,化肥
2025-10-31,603122,10.010214504596531,智慧医疗
2025-11-03,000555,-4.124700239808168,京东数科
2025-11-03,600288,-4.971428571428578,智慧医疗
2025-11-04,002181,-0.9411764705882292,影视传媒
2025-11-04,002638,-2.684563758389264,职业教育
2025-11-04,300300,-6.707787201233624,影视传媒
2025-11-05,000592,1.8027571580063622,平潭实验区
2025-11-05,000753,-1.1857707509881346,平潭实验区
2025-11-05,002300,7.0441988950276215,平潭实验区
2025-11-05,002431,1.2903225806451624,职业教育
2025-11-05,002638,-4.731861198738168,职业教育
2025-11-07,000912,5.749486652977417,化肥
2025-11-07,002170,-1.3177159590043903,化肥
2025-11-07,002391,-4.755244755244766,化肥
2025-11-07,300062,-7.634228187919464,清洁能源
2025-11-07,300072,5.148514851485145,化肥
2025-11-10,000572,-10.927456382001848,互联网+
2025-11-10,000833,-3.9426523297491016,化肥
2025-11-10,002432,-1.5837104072398251,互联网+
2025-11-10,600096,-6.453319227717548,化肥
2025-11-10,600426,-2.736914129319195,化肥
2025-11-10,600691,-6.611570247933877,化肥
2025-11-10,603938,6.981044845122522,化肥
2025-11-11,000037,-10.382513661202191,深圳本地股
2025-11-11,002506,3.7162162162162122,清洁能源
2025-11-11,300393,7.6059850374065,清洁能源
2025-11-12,000061,0.0982318271119822,深圳本地股
2025-11-12,000090,-3.981264637002341,土木工程
2025-11-12,000631,0.0,物业管理
2025-11-12,002116,-2.629346904156054,土木工程
2025-11-12,002451,1.375814627081821,供应链金融
2025-11-12,600654,2.0979020979020944,物业管理
2025-11-12,600693,6.270627062706274,物业管理
2025-11-12,605598,-1.304863582443647,土木工程
2025-11-13,000797,2.393617021276604,物业管理
2025-11-13,000863,2.2916666666666736,物业管理
2025-11-13,002451,-5.859117840684653,物业管理
2025-11-13,600693,-1.7999999999999972,物业管理
2025-11-13,600807,0.5154639175257737,物业管理
2025-11-13,603316,-1.6763005780346771,土木工程
2025-11-13,603778,3.622250970245787,土木工程
2025-11-14,000039,4.138702460850123,举牌
2025-11-14,001266,-6.53432588916461,工业自动化
2025-11-14,002780,-6.875000000000002,举牌
2025-11-14,603026,2.0493434142459237,举牌
2025-11-14,603100,-1.6361511492014087,工业自动化
2025-11-17,001202,-12.678288431061798,快递物流
2025-11-17,001229,2.99313052011776,教育
2025-11-17,002795,-0.8941877794336752,外贸受益
2025-11-17,600327,5.7003257328990316,优化生育（三孩）
2025-11-17,600693,-8.016528925619825,快递物流
2025-11-17,603660,-3.4416826003824204,教育
2025-11-17,688227,-7.001292546316243,教育
2025-11-18,002474,10.053475935828873,软件
2025-11-18,300071,3.116147308781879,抖音
2025-11-18,300612,1.5574896930829292,抖音
2025-11-18,300785,-7.5941551759621415,抖音
2025-11-18,603232,4.3293115684882855,软件
2025-11-18,603909,-12.575655682582376,福建国资
2025-11-19,000547,9.976057462090983,军民融合
2025-11-19,300123,-3.8461538461538494,军民融合
2025-11-19,300589,-7.92492179353493,军民融合
2025-11-20,002331,2.083333333333324,智慧安防
2025-11-20,002474,-2.9151943462897534,数字中国
2025-11-20,002752,-7.894736842105264,IP经济(谷子经济)
2025-11-20,600734,7.619047619047604,智慧安防
2025-11-20,600756,-16.06257153758108,数字中国
2025-11-20,601566,-9.994568169473112,IP经济(谷子经济)
2025-11-20,603898,0.21474588403721803,IP经济(谷子经济)
2025-11-21,002279,6.935123042505604,数字中国
2025-11-21,002285,-2.439024390243912,虚拟现实
2025-11-21,002474,4.41767068273093,数字中国
2025-11-21,300299,-6.6511085180863505,数字中国
2025-11-21,600734,9.956709956709956,东数西算算力
2025-11-21,600996,4.8401037165082155,东数西算算力
2025-11-24,002279,-4.374364191251269,数字中国
2025-11-24,002413,10.04709576138147,东数西算算力
2025-11-24,002474,-15.985401459854012,数字中国
2025-11-24,300058,-2.9596412556053817,元宇宙
2025-11-25,002153,-3.3386327503974558,电子信息
2025-11-25,002474,-4.886943836615621,泛在电力物联网
2025-11-25,600734,10.017889087656538,物联网平台层
2025-11-26,000070,-2.442528735632183,东数西算算力
2025-11-26,301117,-17.110726643598618,东数西算算力
2025-11-26,301159,-5.8400338552687225,信息安全
2025-11-26,600105,-1.2145748987854301,东数西算算力
2025-11-27,002792,9.990749306197964,虚拟电厂
2025-11-27,300456,-4.751534349633733,东数西算算力
2025-11-27,603778,1.2333965844402353,虚拟电厂
2025-11-28,300421,-6.485277674245242,人形机器人
2025-11-28,601238,0.0,人形机器人
2025-11-28,603778,2.3295944779982705,虚拟电厂
2025-11-28,605086,2.9714621947631596,福建国资
2025-12-01,603327,10.0090991810737,福建国资
2025-12-01,603778,1.9607843137254901,虚拟电厂
2025-12-02,002413,0.10787486515641627,6G
2025-12-02,002519,-7.717041800643079,虚拟电厂
2025-12-02,301136,4.417670682730918,房屋检测
2025-12-02,600734,-7.479674796747966,虚拟电厂
2025-12-03,000417,-5.048076923076922,安徽
2025-12-03,002519,-1.8404907975460003,家用电器
2025-12-03,002769,9.96908809891809,虚拟电厂
2025-12-03,600734,-7.515337423312873,虚拟电厂
2025-12-03,605108,1.7864561695056074,安徽
2025-12-05,000701,-0.7352941176470649,LED
2025-12-05,300102,-1.749502982107347,LED
2025-12-05,603696,10.015408320493082,次新股
2025-12-08,000701,-3.468208092485557,LED
2025-12-08,002660,-9.30640913081651,LED
2025-12-08,300751,-2.199706705772571,MiniLED
2025-12-08,600337,2.684563758389264,低价股
2025-12-08,603212,-4.207573632538567,MiniLED
2025-12-09,000811,-0.897867564534232,冷链
2025-12-09,002413,-5.4192229038854745,长三角一体化
2025-12-09,600721,-9.855564995751912,创新药
2025-12-10,600828,2.10378681626929,破净股
2025-12-10,603668,-3.411405295315691,次新股
2025-12-10,603696,-15.66358024691359,次新股
2025-12-11,002133,-20.240963855421693,养老产业
2025-12-11,002157,0.8695652173912987,低价股
2025-12-11,603778,-11.524947294448353,次新股
2025-12-12,000890,10.051107325383303,金属制品
2025-12-12,002565,6.583072100313485,包装印刷
2025-12-12,603929,0.0,台湾
2025-12-12,605123,0.19506597819849394,金属制品
2025-12-15,002565,-5.9829059829059865,包装印刷
2025-12-16,002066,-3.300790330079037,非金属矿
2025-12-16,600271,3.2863849765258184,独角兽
2025-12-16,600678,-10.516252390057364,人形机器人
2025-12-17,000890,-16.87979539641944,金属制品
2025-12-17,001359,2.8604449581046,非金属矿
2025-12-18,002491,-7.163742690058483,独角兽
2025-12-18,600628,1.2373453318335144,百货O2O
2025-12-18,600865,-5.17241379310344,百货O2O
2025-12-18,601366,-5.629139072847679,o2o
2025-12-18,603777,1.078167115902966,腾讯
2025-12-19,000917,1.7492711370262537,世界杯
2025-12-22,002536,-4.69096671949287,液冷服务器
2025-12-22,002788,1.0701545778834702,医疗器械
2025-12-22,301235,-2.236346516007523,医疗器械
2025-12-22,301611,4.0776189851842135,医疗器械
2025-12-22,600487,-0.8416220351950989,液冷服务器
2025-12-22,688668,1.362260343087794,液冷服务器
2025-12-23,002361,-3.235591506572298,安徽
2025-12-23,002571,6.89655172413793,安徽
2025-12-23,002788,3.8918918918918854,批发业
2025-12-23,300189,-9.462616822429911,合成生物
2025-12-24,002361,10.018382352941174,安徽
2025-12-24,002788,-6.633906633906641,医药商业
2025-12-24,300887,3.8626609442060027,创新药
2025-12-24,600990,0.0890207715133354,安徽
2025-12-24,603031,-0.3155196213764616,安徽
2025-12-25,000551,5.875299760191849,江苏国企改革
2025-12-25,000859,-3.8927335640138496,安徽
2025-12-25,001226,-4.982891360136866,安徽
2025-12-25,600577,-1.801801801801807,安徽
2025-12-25,600755,-1.6393442622950807,批发业
2025-12-25,600761,-5.1870748299319684,安徽
2025-12-26,000510,2.265100671140936,石墨烯
2025-12-26,000551,-13.896457765667577,江苏国企改革
2025-12-26,002347,4.408602150537636,安徽
2025-12-26,600736,3.4795763993948494,江苏国企改革
2025-12-26,601500,-5.374280230326301,石墨烯
2025-12-29,000420,2.36559139784945,碳纤维
2025-12-29,002361,-3.5886818495514117,碳纤维
2025-12-29,301237,1.902639698320191,碳纤维
2025-12-30,000816,-11.682242990654215,壳公司
2025-12-30,002272,-9.35434672089478,壳公司
2025-12-30,600765,-6.311637080867856,空客
2025-12-30,603085,-4.944178628389149,空客
2025-12-31,001266,-2.133604267208525,换电
2025-12-31,600362,-0.4703328509406621,双百行动
2025-12-31,600498,5.392768079800511,双百行动
2025-12-31,600879,4.596622889305818,国改双百行动
2026-01-05,002792,-8.21801149670002,杭州亚运会
2026-01-05,301330,16.565809379727686,杭州亚运会
2026-01-05,600498,1.9552281099461541,双百行动
2026-01-05,600776,-0.22038567493112482,杭州亚运会
2026-01-06,000100,-2.7944111776447045,移动互联网
2026-01-06,000960,1.8000642880102935,国改双百行动
2026-01-06,002202,2.083333333333333,ppp
2026-01-06,002375,-4.954954954954969,杭州亚运会
2026-01-06,002383,4.992548435171385,ppp
2026-01-06,002718,10.004599816007364,网红经济
2026-01-06,301330,-7.228409329691122,杭州亚运会
2026-01-06,600879,-1.7969076473046373,国改双百行动
2026-01-06,601886,2.8985507246376785,杭州亚运会
2026-01-06,603598,0.4863813229572054,网红经济
2026-01-06,603778,7.9812206572769915,ppp
2026-01-07,002340,-4.631578947368416,土壤修复
2026-01-07,002413,-1.8551765409934307,养老产业
2026-01-07,002792,5.58541266794625,杭州亚运会
2026-01-07,600475,2.103250478011461,土壤修复
2026-01-07,600673,0.0,养老产业
2026-01-07,600973,-3.0902348578491967,杭州亚运会
2026-01-08,001331,-4.26740223916924,送转填权
2026-01-08,002202,9.986225895316812,ppp
2026-01-08,002565,-2.522185894441846,土壤修复
2026-01-08,300887,-8.202880400751411,土壤修复
2026-01-08,301087,-8.058864751226352,养老产业
2026-01-08,600271,-0.23885350318472243,物联网平台层
2026-01-08,601611,3.3668044890726536,ppp
2026-01-08,603031,1.9047619047619049,送转填权
2026-01-08,603588,0.5488474204171319,ppp
2026-01-09,000969,7.185391028185782,金属制品
2026-01-09,002378,0.0,江西
2026-01-09,002639,-7.524454477050415,冷链
2026-01-09,300244,15.10128913443831,冷链
2026-01-09,600053,-4.875925119721365,江西
2026-01-09,600397,1.9867549668874138,江西
2026-01-09,603882,4.812834224598944,冷链
2026-01-09,688543,-1.2638230647709239,江西
2026-01-12,000969,9.996391194514615,盾构机
2026-01-12,002046,0.4507152655300742,盾构机
2026-01-12,002400,9.991235758106928,广东国企改革
2026-01-12,002465,9.999999999999996,广东国企改革
2026-01-12,002856,-1.0958904109589052,广东国企改革
2026-01-12,300342,9.838846480067856,广东国企改革
2026-01-12,300711,6.008876749743945,广东国企改革
2026-01-12,301079,-7.313943541488445,盾构机
2026-01-12,600475,0.7224819379515434,绿色建筑
2026-01-12,601228,-1.9337016574585715,广东国企改革
2026-01-12,601992,8.24742268041238,装配式建筑
2026-01-12,603017,9.022556390977433,绿色建筑
2026-01-12,603339,1.7461383478844845,装配式建筑
2026-01-12,605090,-2.5720966484801253,江西
2026-01-12,688102,-3.827666013886413,盾构机
2026-01-13,002135,-0.8880994671403165,装配式建筑
2026-01-13,002278,-8.627204030226707,碳纤维
2026-01-13,002342,-2.1820917983446138,金属制品
2026-01-13,601992,9.859154929577464,装配式建筑
2026-01-14,000969,-9.96143958868895,金属制品
2026-01-14,002195,-8.491281273692186,云游戏
2026-01-14,002290,1.166131485550106,云游戏
2026-01-14,002342,-12.448700410396707,金属制品
2026-01-14,002969,-0.6214396685654969,金属制品
2026-01-14,600076,5.91133004926109,装配式建筑
2026-01-14,603626,-4.259259259259267,金属制品
2026-01-14,605287,6.382978723404245,装配式建筑
2026-01-19,002021,0.6644518272425255,浙江国企改革
2026-01-19,601216,-1.7152658662092564,小额贷款
2026-01-19,603239,1.9926799511996682,浙江国企改革
2026-01-20,002112,-9.102192800992977,浙江国企改革
2026-01-20,002584,2.8712871287128805,光刻机（胶）
2026-01-21,002196,0.10706638115631464,浙江国企改革
2026-01-21,002440,-1.664816870144288,染料
2026-01-21,002498,-7.056798623063671,青岛
2026-01-21,002545,-0.9523809523809524,青岛
2026-01-21,600352,-1.5337423312883383,染料
2026-01-22,002716,6.666666666666667,湖南
2026-01-22,300592,-1.7810026385224245,湖南
2026-01-23,002405,0.7117437722419936,MCU芯片
2026-01-23,600531,9.976387249114508,河南国企改革
2026-01-23,603212,4.433497536945828,IGBT
2026-01-26,002165,-4.128440366972487,流感口罩
2026-01-26,300463,-5.281690140845071,流感口罩
2026-01-27,000506,6.491302503182015,有色锌
2026-01-27,000603,0.7541720154043627,有色锌
2026-01-27,001337,5.297795327410331,黄金股
2026-01-27,600531,6.149341142020505,有色锌
2026-01-27,600916,10.044843049327348,黄金股
2026-01-27,601212,0.15936254980079342,有色锌
2026-01-27,603132,1.6865079365079356,有色锌
2026-01-27,603212,-1.8317115054378952,IGBT
2026-01-28,000060,4.895104895104894,白银
2026-01-28,000603,4.042806183115337,白银
2026-01-28,000630,6.826347305389226,白银
2026-01-28,000878,2.9488615154908517,白银
2026-01-28,002237,5.228758169934628,有色锑
2026-01-28,002716,8.24742268041238,有色锑
2026-01-28,600459,2.969924812030072,白银
2026-01-28,600490,4.651162790697671,白银
2026-01-28,600531,9.937888198757774,有色锑
2026-01-28,600961,3.3386327503974558,白银
2026-01-28,600988,6.700810926163041,白银
2026-01-28,601212,9.992758870383772,白银
2026-01-28,603132,0.0,白银
2026-01-28,688380,-3.4275296262534227,IGBT
2026-01-29,000560,0.30030030030029387,大消费
2026-01-29,601118,-1.4030612244897886,大消费
2026-01-29,603103,4.443485763589306,大消费
2026-01-30,600331,-7.918416316736663,钼
2026-01-30,600916,-11.043771043771036,黄金股
2026-02-02,600779,-6.150490730643403,大消费
2026-02-03,000995,2.6984950700570813,甘肃
2026-02-03,600785,1.3645224171540018,大消费
2026-02-04,002259,-3.801652892561976,ST摘帽
2026-02-04,603103,-15.228276877761418,服务消费
2026-02-05,002355,-1.6042780748663115,长安汽车
2026-02-05,600683,0.0,轨道交通
2026-02-05,603618,-5.748865355521934,轨道交通
2026-02-06,002624,9.299948901379663,互联网
2026-02-06,603618,7.002188183807433,轨道交通
2026-02-09,002015,-0.527505651846272,能源互联网
2026-02-09,002471,-0.46511627906977404,核电
2026-02-09,300982,-4.58715596330275,能源互联网
2026-02-09,600481,-5.622837370242218,能源互联网
2026-02-09,600722,-0.3157894736842038,雄安周边
2026-02-09,600875,0.4171011470281578,核电
2026-02-09,601222,-1.3953488372093001,能源互联网
2026-02-09,603308,2.500874431619447,核电
2026-02-10,000156,0.7121057985757913,杭州亚运会
2026-02-10,002181,-3.930461073318213,独角兽
2026-02-10,002292,-1.7463235294117763,元宇宙
2026-02-10,002624,-4.898648648648649,元宇宙
2026-02-10,002655,-2.0596590909090975,元宇宙
2026-02-10,300133,-9.082969432314405,元宇宙
2026-02-10,300182,11.95266272189351,元宇宙
2026-02-10,300251,2.1126760563380387,元宇宙
2026-02-10,600959,-4.554865424430637,元宇宙
2026-02-10,601599,-0.8865248226950324,独角兽
2026-02-11,603466,-8.706467661691548,元宇宙
2026-02-12,000534,-1.579244218838134,无人机
2026-02-12,002080,0.0,无人机
2026-02-12,300846,1.9845971563981095,杭州亚运会
2026-02-12,603308,0.0,无人机
2026-02-12,605318,2.915723605378775,杭州亚运会
2026-02-13,000738,-1.658374792703151,无人机
2026-02-13,002951,0.0,ST摘帽
2026-02-13,300719,-3.973192915270473,无人机
2026-02-13,600893,-0.297358754591572,无人机
2026-02-13,603533,-4.758107389686335,短剧
2026-02-24,000534,-0.9108473640629268,无人机
2026-02-24,300157,1.4792899408284104,无人机
2026-02-24,600765,-2.527573529411768,无人机
2026-02-24,600791,1.3715710723192172,蚂蚁集团
2026-02-24,600869,-1.0050251256281448,无人机
2026-02-25,002498,-0.6097560975609627,新基建
2026-02-25,300395,-1.291823798443392,国产替代
2026-02-25,600590,-2.1131561008861657,新基建
2026-02-25,601208,3.969754253308134,国产替代
2026-02-25,603738,-2.757916241062304,国产替代
2026-02-26,001896,5.193734542456711,煤炭
2026-02-26,002350,6.964285714285724,新基建
2026-02-26,002463,0.0,新基建
2026-02-26,002916,-2.1162197559798672,新基建
2026-02-26,600487,-4.714640198511158,新基建
2026-02-26,600510,0.0,新基建
2026-02-26,600522,-0.036245016310263,新基建
2026-02-26,600590,-2.920181700194674,新基建
2026-02-26,601096,-7.857142857142854,新基建
2026-02-26,603530,5.027422303473491,新基建
2026-02-27,001896,0.07496251874062809,煤炭
2026-02-27,002015,-2.471751412429376,涉矿
2026-02-27,002167,2.69576379974326,涉矿
2026-02-27,002470,8.064516129032258,水泥
2026-02-27,600108,10.07556675062972,涉矿
2026-02-27,600157,-2.659574468085097,煤炭
2026-02-27,600397,4.876915931258695,涉矿
2026-02-27,600452,5.7228915662650595,水泥
2026-02-27,600725,-1.8552875695732773,涉矿
2026-02-27,600744,0.2518891687657377,涉矿
2026-02-27,603738,-0.8264462809917341,次新股
2026-03-02,002470,-13.782991202346045,三板精选
2026-03-02,002491,-0.3433476394849865,新三板精选层
2026-03-02,002667,3.9828693790149883,磷酸铁锂
2026-03-02,600452,-1.8480492813141656,水泥
2026-03-03,002491,-9.975470155355689,参股三板精选层
2026-03-03,600188,-5.544840887174535,山东国企改革
2026-03-03,600367,-6.291007333076029,山东国企改革
2026-03-04,002885,2.0050125313283225,逆变器
2026-03-04,300880,18.432385874246346,高压快充
2026-03-06,002015,9.987195902688864,高压快充
2026-03-06,600405,-7.939189189189184,快充
2026-03-06,601868,2.07612456747405,可控核聚变
2026-03-09,000533,10.018326206475264,可控核聚变
2026-03-09,601567,0.0,仪器仪表
2026-03-10,601868,-2.4767801857585163,可控核聚变
2026-03-10,688048,1.3800424628450076,可控核聚变
2026-03-11,002015,0.3512293025589578,水利
2026-03-11,301361,-4.361132364192811,海工装备
2026-03-11,600108,1.9786910197869083,水利
2026-03-11,601789,0.0,水利
2026-03-11,601868,2.028985507246372,可控核聚变
2026-03-11,601869,-4.4460044460044585,海工装备
2026-03-12,000533,-8.189216683621565,中芯国际
2026-03-12,002015,0.0,泛在电力物联网
2026-03-12,301396,-3.9871982931057413,算力
2026-03-12,600821,0.2759889604415928,算力
2026-03-12,601868,0.0,可控核聚变
2026-03-12,603803,-9.616829451540204,算力
