day,code,block,return_pct
2025-01-02,002449,LED,-0.21
2025-01-02,300990,制冷空调设备,-7.22
2025-01-09,002918,瓷砖地板,-13.72
2025-01-10,002449,LED,-5.57
2025-01-10,600160,氟化工,-0.28
2025-01-10,603308,金属制品,0.0
2025-01-13,002449,LED,3.22
2025-01-13,301377,金属制品,4.8
2025-01-16,000777,金属制品,-1.52
2025-01-20,002164,金属制品,-0.87
2025-01-20,002843,金属制品,2.02
2025-01-20,002896,金属制品,0.41
2025-01-20,600601,印制电路板,-1.07
2025-01-21,300814,印制电路板,1.3
2025-01-21,603308,金属制品,11.32
2025-01-22,600592,金属制品,-0.37
2025-01-22,603667,金属制品,-3.37
2025-01-23,002463,印制电路板,-4.22
2025-01-23,002916,印制电路板,-1.08
2025-01-23,300476,印制电路板,-6.02
2025-01-23,300488,金属制品,5.65
2025-01-23,300718,金属制品,7.31
2025-01-23,600183,印制电路板,0.37
2025-01-23,600601,印制电路板,-1.5
2025-01-23,603228,印制电路板,-3.53
2025-01-27,300718,金属制品,-3.6
2025-01-27,300953,锂电池,0.06
2025-01-27,301210,锂电池,4.89
2025-01-27,301261,金属制品,2.81
2025-01-27,301368,金属制品,7.51
2025-01-27,603667,金属制品,-2.33
2025-01-27,603915,金属制品,-1.67
2025-02-05,300488,金属制品,8.93
2025-02-05,300910,其他化学制品,0.32
2025-02-05,603699,金属制品,2.6
2025-02-07,002843,金属制品,-4.26
2025-02-10,002126,底盘与发动机系统,-0.27
2025-02-10,300580,底盘与发动机系统,-0.11
2025-02-10,300718,金属制品,4.3
2025-02-10,300733,底盘与发动机系统,-3.22
2025-02-10,300817,金属制品,0.12
2025-02-10,301261,金属制品,3.31
2025-02-10,600114,金属制品,1.58
2025-02-10,600933,底盘与发动机系统,-0.56
2025-02-10,603667,金属制品,-2.83
2025-02-10,603986,数字芯片设计,-0.82
2025-02-10,688099,数字芯片设计,-3.27
2025-02-10,688123,数字芯片设计,-2.79
2025-02-11,001283,锂电池,2.33
2025-02-11,002213,数字芯片设计,4.01
2025-02-11,002448,底盘与发动机系统,2.76
2025-02-11,003005,IT服务,2.0
2025-02-11,300613,数字芯片设计,1.69
2025-02-11,300838,金属制品,0.47
2025-02-11,301208,IT服务,1.33
2025-02-11,301236,IT服务,-0.14
2025-02-11,301596,金属制品,5.66
2025-02-11,603121,底盘与发动机系统,0.84
2025-02-11,688039,IT服务,7.52
2025-02-11,688213,数字芯片设计,10.66
2025-02-11,688228,IT服务,9.57
2025-02-11,688343,IT服务,-0.48
2025-02-11,688416,数字芯片设计,1.71
2025-02-11,688620,数字芯片设计,1.94
2025-02-12,688244,横向通用软件,23.49
2025-02-12,688435,横向通用软件,3.39
2025-02-13,002965,其他汽车零部件,-0.72
2025-02-13,300170,IT服务,1.26
2025-02-13,300378,横向通用软件,8.41
2025-02-13,300488,金属制品,-2.82
2025-02-13,300532,IT服务,1.1
2025-02-13,300817,金属制品,-4.69
2025-02-13,300838,金属制品,0.81
2025-02-13,301186,其他汽车零部件,-2.06
2025-02-13,301596,金属制品,-4.0
2025-02-13,600718,IT服务,9.63
2025-02-13,600845,IT服务,11.05
2025-02-13,603171,IT服务,9.26
2025-02-13,603197,其他汽车零部件,2.51
2025-02-13,603966,能源及重型设备,-2.71
2025-02-13,688251,IT服务,-1.16
2025-02-14,000887,其他汽车零部件,0.84
2025-02-14,002649,IT服务,-6.8
2025-02-14,002765,其他汽车零部件,0.95
2025-02-14,300674,IT服务,8.84
2025-02-14,300766,横向通用软件,3.01
2025-02-14,300846,IT服务,-6.41
2025-02-14,600480,其他汽车零部件,2.18
2025-02-14,603915,金属制品,3.64
2025-02-17,002649,IT服务,-4.44
2025-02-17,300166,IT服务,-3.22
2025-02-17,300378,横向通用软件,-2.97
2025-02-17,300846,IT服务,1.96
2025-02-17,300895,IT服务,-2.6
2025-02-17,600588,横向通用软件,0.94
2025-02-17,603171,IT服务,-2.64
2025-02-17,603197,其他汽车零部件,-1.64
2025-02-17,603918,IT服务,13.94
2025-02-17,688158,IT服务,5.93
2025-02-17,688225,横向通用软件,-5.19
2025-02-17,688228,IT服务,-2.37
2025-02-17,688244,横向通用软件,-9.16
2025-02-17,688258,IT服务,4.19
2025-02-17,688316,IT服务,-1.28
2025-02-18,000938,IT服务,1.58
2025-02-18,002212,横向通用软件,0.56
2025-02-18,002368,IT服务,13.11
2025-02-18,002373,IT服务,1.63
2025-02-18,002649,IT服务,1.0
2025-02-18,002777,IT服务,1.66
2025-02-18,300017,IT服务,-0.45
2025-02-18,300078,IT服务,0.22
2025-02-18,300096,IT服务,0.0
2025-02-18,300166,IT服务,1.75
2025-02-18,300168,IT服务,0.75
2025-02-18,300212,IT服务,3.49
2025-02-18,300271,IT服务,1.66
2025-02-18,300378,横向通用软件,-0.05
2025-02-18,300674,IT服务,11.54
2025-02-18,300768,横向通用软件,1.7
2025-02-18,300816,其他汽车零部件,1.85
2025-02-18,300872,IT服务,4.03
2025-02-18,301085,IT服务,1.92
2025-02-18,301128,其他专用设备,3.25
2025-02-18,600718,IT服务,0.34
2025-02-18,600756,IT服务,1.15
2025-02-18,600797,IT服务,2.32
2025-02-18,600845,IT服务,0.06
2025-02-18,603039,横向通用软件,1.17
2025-02-18,603119,其他汽车零部件,11.13
2025-02-18,603171,IT服务,1.88
2025-02-18,688031,横向通用软件,2.03
2025-02-18,688051,IT服务,2.06
2025-02-18,688225,横向通用软件,0.55
2025-02-18,688229,IT服务,-0.33
2025-02-18,688258,IT服务,2.47
2025-02-18,688369,横向通用软件,1.14
2025-02-18,688435,横向通用软件,3.02
2025-02-19,301396,IT服务,0.61
2025-02-20,000887,其他汽车零部件,9.15
2025-02-20,002328,其他汽车零部件,4.32
2025-02-20,002536,底盘与发动机系统,2.77
2025-02-20,002965,其他汽车零部件,5.92
2025-02-20,002997,其他汽车零部件,0.41
2025-02-20,300258,底盘与发动机系统,2.56
2025-02-20,300585,底盘与发动机系统,2.44
2025-02-20,300611,底盘与发动机系统,0.43
2025-02-20,300733,底盘与发动机系统,4.33
2025-02-20,300766,横向通用软件,-10.18
2025-02-20,300846,IT服务,-1.45
2025-02-20,301119,底盘与发动机系统,6.38
2025-02-20,603917,其他汽车零部件,-2.1
2025-02-20,603918,IT服务,-8.22
2025-02-20,688158,IT服务,-6.39
2025-02-20,688561,横向通用软件,-1.31
2025-02-21,300287,IT服务,-9.14
2025-02-21,600860,金属制品,-5.46
2025-02-21,688257,金属制品,-0.45
2025-02-24,000856,其他专用设备,0.96
2025-02-24,002073,其他专用设备,0.22
2025-02-24,002368,IT服务,-0.73
2025-02-24,002843,金属制品,1.94
2025-02-24,300017,IT服务,0.93
2025-02-24,300277,IT服务,2.57
2025-02-24,300382,其他专用设备,2.45
2025-02-24,300415,其他专用设备,8.26
2025-02-24,300454,横向通用软件,4.7
2025-02-24,300846,IT服务,15.55
2025-02-24,301261,金属制品,6.83
2025-02-24,301396,IT服务,7.88
2025-02-24,603197,其他汽车零部件,5.14
2025-02-24,688059,金属制品,3.34
2025-02-24,688128,其他专用设备,1.33
2025-02-24,688400,其他专用设备,4.08
2025-02-24,688695,横向通用软件,2.28
2025-02-25,002073,其他专用设备,2.73
2025-02-25,002230,横向通用软件,0.07
2025-02-25,002368,IT服务,2.33
2025-02-25,002401,IT服务,-1.36
2025-02-25,002439,横向通用软件,-1.06
2025-02-25,002837,其他专用设备,0.12
2025-02-25,002997,其他汽车零部件,6.62
2025-02-25,600480,其他汽车零部件,1.97
2025-02-25,600756,IT服务,-0.11
2025-02-25,600845,IT服务,-0.73
2025-02-25,600850,IT服务,2.34
2025-02-25,600860,金属制品,11.76
2025-02-25,603922,其他汽车零部件,2.26
2025-02-25,688251,IT服务,1.83
2025-02-26,000158,IT服务,0.78
2025-02-26,000938,IT服务,-6.52
2025-02-26,301377,金属制品,-0.47
2025-02-26,600797,IT服务,-9.82
2025-02-26,688088,IT服务,-2.48
2025-02-27,001311,其他汽车零部件,-4.55
2025-02-27,002765,其他汽车零部件,-8.81
2025-02-27,002965,其他汽车零部件,-8.33
2025-02-27,002997,其他汽车零部件,-7.25
2025-02-27,300095,能源及重型设备,-3.19
2025-02-27,300250,IT服务,-7.89
2025-02-27,300421,金属制品,-7.97
2025-02-27,300488,金属制品,-6.68
2025-02-27,300838,金属制品,-0.2
2025-02-27,300872,IT服务,-4.26
2025-02-27,300895,IT服务,-9.76
2025-02-27,301181,其他汽车零部件,-4.05
2025-02-27,301261,金属制品,-1.89
2025-02-27,301270,横向通用软件,-6.23
2025-02-27,301377,金属制品,-2.34
2025-02-27,600446,IT服务,-8.08
2025-02-27,601717,能源及重型设备,-2.41
2025-02-27,603109,其他汽车零部件,-9.29
2025-02-27,603119,其他汽车零部件,-10.14
2025-02-27,605018,其他汽车零部件,-7.54
2025-02-27,605319,其他汽车零部件,-6.6
2025-02-27,688039,IT服务,-7.78
2025-02-27,688207,IT服务,-9.77
2025-02-27,688633,能源及重型设备,-3.26
2025-02-28,000815,IT服务,-4.71
2025-02-28,001306,金属制品,-4.87
2025-02-28,002474,IT服务,-8.14
2025-02-28,002896,金属制品,-4.49
2025-02-28,002921,其他汽车零部件,-0.08
2025-02-28,300245,IT服务,-12.99
2025-02-28,300480,能源及重型设备,-2.04
2025-02-28,300532,IT服务,-2.74
2025-02-28,300846,IT服务,-13.19
2025-02-28,300885,金属制品,0.63
2025-02-28,301172,IT服务,-0.59
2025-02-28,301255,金属制品,5.33
2025-02-28,301368,金属制品,10.73
2025-02-28,600860,金属制品,-2.01
2025-02-28,601717,能源及重型设备,-0.97
2025-02-28,603109,其他汽车零部件,-5.0
2025-02-28,603278,金属制品,-3.94
2025-02-28,603358,其他汽车零部件,-2.26
2025-02-28,688051,IT服务,0.08
2025-02-28,688059,金属制品,-5.37
2025-02-28,688228,IT服务,-9.02
2025-02-28,688327,IT服务,-9.24
2025-02-28,688343,IT服务,-5.38
2025-02-28,688355,金属制品,0.0
2025-02-28,688633,能源及重型设备,1.35
2025-03-03,001306,金属制品,0.46
2025-03-03,600589,IT服务,-1.48
2025-03-03,600592,金属制品,17.9
2025-03-03,600860,金属制品,4.76
2025-03-03,603278,金属制品,4.7
2025-03-03,603887,IT服务,22.16
2025-03-03,688152,横向通用软件,4.58
2025-03-03,688244,横向通用软件,7.21
2025-03-03,688343,IT服务,6.27
2025-03-04,300473,其他汽车零部件,0.91
2025-03-05,300042,其他计算机设备,0.47
2025-03-05,300324,其他计算机设备,1.25
2025-03-05,301608,其他计算机设备,18.85
2025-03-06,001339,其他计算机设备,9.73
2025-03-07,000997,其他计算机设备,-2.59
2025-03-07,002912,其他计算机设备,-3.07
2025-03-07,300838,金属制品,-0.19
2025-03-07,301339,其他计算机设备,-1.24
2025-03-07,603006,其他汽车零部件,-0.51
2025-03-07,603278,金属制品,-7.39
2025-03-07,605100,金属制品,19.92
2025-03-07,688030,横向通用软件,-0.92
2025-03-10,000039,金属制品,0.73
2025-03-10,000997,其他计算机设备,2.12
2025-03-10,001339,其他计算机设备,5.34
2025-03-10,002279,横向通用软件,0.0
2025-03-10,002765,其他汽车零部件,0.9
2025-03-10,002912,其他计算机设备,2.4
2025-03-10,300311,横向通用软件,3.16
2025-03-10,300378,横向通用软件,3.68
2025-03-10,300454,横向通用软件,0.81
2025-03-10,300926,其他汽车零部件,1.63
2025-03-10,301368,金属制品,0.81
2025-03-10,301608,其他计算机设备,6.0
2025-03-10,600480,其他汽车零部件,3.31
2025-03-10,600588,横向通用软件,4.53
2025-03-10,601177,金属制品,5.18
2025-03-10,603048,其他汽车零部件,-1.08
2025-03-10,603270,金属制品,-0.14
2025-03-10,605319,其他汽车零部件,2.23
2025-03-10,688292,其他计算机设备,0.45
2025-03-11,001311,其他汽车零部件,2.06
2025-03-11,300248,其他计算机设备,1.7
2025-03-11,300885,金属制品,-0.7
2025-03-11,301268,金属制品,-5.22
2025-03-12,000581,底盘与发动机系统,-9.28
2025-03-12,001306,金属制品,-6.81
2025-03-12,301503,其他计算机设备,0.28
2025-03-12,603767,底盘与发动机系统,-6.76
2025-03-12,603809,底盘与发动机系统,-7.65
2025-03-13,000581,底盘与发动机系统,0.46
2025-03-13,001282,底盘与发动机系统,1.73
2025-03-13,002283,底盘与发动机系统,1.96
2025-03-13,002364,其他电源设备,1.88
2025-03-13,002518,其他电源设备,-0.07
2025-03-13,300042,其他计算机设备,3.87
2025-03-13,300507,底盘与发动机系统,11.65
2025-03-13,300693,其他电源设备,1.74
2025-03-13,300733,底盘与发动机系统,0.92
2025-03-13,301377,金属制品,-0.52
2025-03-13,301548,金属制品,1.06
2025-03-13,600860,金属制品,-4.03
2025-03-13,603319,底盘与发动机系统,7.33
2025-03-13,603701,底盘与发动机系统,3.75
2025-03-13,603758,底盘与发动机系统,0.37
2025-03-13,603788,底盘与发动机系统,14.21
2025-03-13,605133,底盘与发动机系统,-0.7
2025-03-13,688059,金属制品,4.07
2025-03-13,688244,横向通用软件,-2.87
2025-03-14,000997,其他计算机设备,4.53
2025-03-14,002164,金属制品,17.19
2025-03-14,002197,其他计算机设备,-4.05
2025-03-14,300910,其他化学制品,0.28
2025-03-14,600860,金属制品,2.21
2025-03-14,603822,其他化学制品,1.19
2025-03-14,688196,其他化学制品,-0.05
2025-03-14,688288,其他计算机设备,4.77
2025-03-14,688618,通信网络设备及器件,-0.7
2025-03-17,002197,其他计算机设备,6.24
2025-03-17,002795,金属制品,-2.99
2025-03-17,002931,金属制品,1.31
2025-03-17,300368,其他计算机设备,0.39
2025-03-17,300402,金属制品,-3.05
2025-03-17,688273,医疗设备,0.99
2025-03-18,001339,其他计算机设备,-4.82
2025-03-18,002633,金属制品,10.67
2025-03-18,002802,其他化学制品,-0.49
2025-03-18,300314,医疗设备,-3.36
2025-03-18,300596,其他化学制品,-0.18
2025-03-18,600165,其他化学制品,0.74
2025-03-18,600558,金属制品,1.03
2025-03-18,688398,其他化学制品,-0.58
2025-03-18,688580,医疗设备,2.71
2025-03-19,002434,底盘与发动机系统,2.02
2025-03-19,002990,其他计算机设备,-2.72
2025-03-19,300163,其他化学制品,2.24
2025-03-19,300258,底盘与发动机系统,3.36
2025-03-19,300611,底盘与发动机系统,-7.55
2025-03-19,300720,仪器仪表,-7.7
2025-03-19,300838,金属制品,0.06
2025-03-19,300910,其他化学制品,-1.48
2025-03-19,301119,底盘与发动机系统,1.28
2025-03-19,301309,金属制品,0.83
2025-03-19,600992,金属制品,4.71
2025-03-19,603013,底盘与发动机系统,-0.29
2025-03-19,603285,其他化学制品,1.06
2025-03-19,603701,底盘与发动机系统,-0.99
2025-03-19,688208,其他计算机设备,-0.6
2025-03-19,688269,其他化学制品,-1.8
2025-03-20,000997,其他计算机设备,-0.37
2025-03-20,002150,金属制品,0.73
2025-03-20,002823,电机,-1.97
2025-03-20,300353,其他通信设备,-6.55
2025-03-20,300838,金属制品,-0.59
2025-03-20,300910,其他化学制品,1.33
2025-03-20,301261,金属制品,8.17
2025-03-20,301502,电机,-2.44
2025-03-20,301548,金属制品,1.86
2025-03-20,301559,金属制品,-0.74
2025-03-20,688257,金属制品,-2.16
2025-03-21,002196,电机,-7.56
2025-03-21,002931,金属制品,-2.91
2025-03-21,002970,其他计算机设备,0.86
2025-03-21,300421,金属制品,-4.88
2025-03-21,300780,金属制品,-6.99
2025-03-21,300789,其他计算机设备,-1.2
2025-03-21,300817,金属制品,-10.61
2025-03-21,300885,金属制品,-7.47
2025-03-21,301255,金属制品,-1.0
2025-03-21,603270,金属制品,-5.6
2025-03-21,603285,其他化学制品,1.88
2025-03-21,603350,电机,-5.02
2025-03-21,688288,其他计算机设备,-6.29
2025-03-24,001379,金属制品,0.25
2025-03-24,002150,金属制品,0.59
2025-03-24,002342,金属制品,2.94
2025-03-24,002823,电机,-2.29
2025-03-24,301137,金属制品,26.99
2025-03-24,301548,金属制品,1.21
2025-03-24,600558,金属制品,21.88
2025-03-24,600992,金属制品,-2.05
2025-03-25,000039,金属制品,-2.23
2025-03-26,300721,其他化学制品,0.18
2025-03-26,300910,其他化学制品,4.68
2025-03-26,300943,金属制品,-6.92
2025-03-26,301559,金属制品,-1.21
2025-03-27,002132,金属制品,11.64
2025-03-27,002150,金属制品,-3.33
2025-03-27,002970,其他计算机设备,-1.23
2025-03-27,300828,金属制品,4.79
2025-03-27,300885,金属制品,-5.16
2025-03-27,300963,其他金属新材料,2.61
2025-03-27,301137,金属制品,-5.83
2025-03-27,600558,金属制品,-4.04
2025-03-27,603916,其他化学制品,-4.36
2025-03-28,001358,其他化学制品,-2.96
2025-03-28,002455,其他化学制品,-3.64
2025-03-28,002970,其他计算机设备,-0.61
2025-03-28,300109,其他化学制品,1.66
2025-03-28,300610,其他化学制品,0.87
2025-03-28,300910,其他化学制品,1.86
2025-03-28,301212,其他化学制品,-5.75
2025-03-28,301518,其他化学制品,-3.05
2025-03-28,600273,其他化学制品,-0.37
2025-03-28,603045,其他金属新材料,-3.09
2025-03-28,603065,其他化学制品,-2.06
2025-03-28,603181,其他化学制品,-0.99
2025-03-28,603217,其他化学制品,-2.91
2025-03-28,603276,其他化学制品,0.79
2025-03-28,603285,其他化学制品,-3.44
2025-03-28,603688,非金属材料,-4.82
2025-03-28,688196,其他化学制品,0.33
2025-03-28,688625,其他化学制品,-0.19
2025-03-31,000633,其他金属新材料,0.61
2025-03-31,002342,金属制品,-8.74
2025-03-31,002773,其他生物制品,7.37
2025-03-31,300260,金属制品,11.94
2025-03-31,300485,其他生物制品,9.67
2025-03-31,301047,其他生物制品,4.06
2025-03-31,603125,其他化学制品,3.37
2025-03-31,603916,其他化学制品,2.1
2025-03-31,688136,其他生物制品,14.92
2025-03-31,688443,其他生物制品,5.23
2025-03-31,688625,其他化学制品,-0.38
2025-04-01,601799,车身附件及饰件,-1.92
2025-04-02,000518,其他生物制品,-7.87
2025-04-02,301393,其他生物制品,-7.03
2025-04-02,603590,其他生物制品,-2.28
2025-04-02,688105,其他生物制品,-5.01
2025-04-02,688443,其他生物制品,-11.92
2025-04-03,688136,其他生物制品,-8.0
2025-04-03,688177,其他生物制品,-8.79
2025-04-03,688687,其他生物制品,-2.0
2025-04-07,000859,膜材料,11.26
2025-04-07,300485,其他生物制品,5.03
2025-04-11,002688,动物保健,2.32
2025-04-11,600195,动物保健,2.58
2025-04-11,603566,动物保健,0.0
2025-04-11,688331,其他生物制品,1.74
2025-04-14,002141,动物保健,-1.03
2025-04-15,000920,膜材料,-4.14
2025-04-15,002537,车身附件及饰件,-0.62
2025-04-15,002773,其他生物制品,0.34
2025-04-15,688102,其他金属新材料,-4.55
2025-04-15,688443,其他生物制品,-1.89
2025-04-16,300963,其他金属新材料,0.89
2025-04-16,603590,其他生物制品,0.47
2025-04-16,688136,其他生物制品,5.21
2025-04-16,688177,其他生物制品,0.14
2025-04-16,688386,膜材料,2.37
2025-04-17,002141,动物保健,1.05
2025-04-18,688386,膜材料,3.86
2025-04-22,605158,其他金属新材料,-0.25
2025-04-22,688136,其他生物制品,-6.47
2025-04-23,000859,膜材料,-0.89
2025-04-23,002773,其他生物制品,0.46
2025-04-25,688386,膜材料,0.37
2025-04-28,300119,动物保健,10.51
2025-04-29,603067,无机盐,-0.9
2025-04-30,002564,其他专业工程,6.25
2025-04-30,002582,零食,2.21
2025-04-30,300119,动物保健,-0.83
2025-04-30,688526,动物保健,-1.71
2025-05-06,002847,零食,2.27
2025-05-06,300972,零食,2.62
2025-05-09,002868,动物保健,-0.51
2025-05-09,300804,农药,-1.78
2025-05-12,688501,环保设备,-0.31
2025-05-13,000519,地面兵装,-1.8
2025-05-13,600184,地面兵装,-4.62
2025-05-13,688543,地面兵装,-0.97
2025-05-14,688159,通信终端及配件,-2.3
2025-05-15,002734,农药,2.5
2025-05-15,300758,涂料油墨,4.26
2025-05-19,000525,农药,-0.42
2025-05-20,000565,涂料油墨,-3.45
2025-05-20,300648,锂电专用设备,-5.59
2025-05-20,688129,涂料油墨,-1.73
2025-05-21,002847,零食,0.9
2025-05-21,300665,涂料油墨,-1.98
2025-05-21,605289,其他专业工程,-3.15
2025-05-22,600326,水泥制造,-2.88
2025-05-22,600389,农药,5.73
2025-05-22,603810,农药,0.26
2025-05-23,600668,水泥制造,-1.38
2025-05-23,603970,农药,1.42
2025-05-26,001231,农药,2.65
2025-05-27,688383,其他专用设备,-2.85
2025-05-27,688531,其他专用设备,-1.43
2025-05-28,001231,农药,1.0
2025-05-28,002391,农药,0.0
2025-05-28,002734,农药,-0.96
2025-05-28,002816,其他专用设备,0.84
2025-05-28,301070,制冷空调设备,14.95
2025-05-28,600389,农药,-2.75
2025-05-28,688648,其他专用设备,13.84
2025-05-29,301507,化学制剂,-3.28
2025-05-29,603332,涤纶,-5.2
2025-05-29,603639,农药,-5.91
2025-05-29,605033,农药,-7.35
2025-05-30,000766,化学制剂,6.24
2025-05-30,002019,化学制剂,2.98
2025-05-30,002427,涤纶,4.0
2025-05-30,002437,化学制剂,0.69
2025-05-30,002998,涤纶,6.16
2025-05-30,300111,化学制剂,2.68
2025-05-30,301070,制冷空调设备,-2.41
2025-05-30,301338,其他专用设备,1.72
2025-05-30,600079,化学制剂,2.82
2025-05-30,600521,化学制剂,1.27
2025-05-30,603669,化学制剂,1.19
2025-05-30,688192,化学制剂,1.12
2025-05-30,688211,其他专用设备,0.59
2025-05-30,688383,其他专用设备,0.68
2025-06-03,000963,化学制剂,-0.23
2025-06-03,603011,其他专用设备,-7.13
2025-06-03,688506,化学制剂,4.6
2025-06-03,688513,化学制剂,-1.84
2025-06-03,688578,化学制剂,0.91
2025-06-04,002019,化学制剂,-2.52
2025-06-04,002038,化学制剂,-1.54
2025-06-04,300255,化学制剂,-1.45
2025-06-04,600079,化学制剂,-2.44
2025-06-04,600664,化学制剂,-2.31
2025-06-04,601089,化学制剂,-4.04
2025-06-04,688382,化学制剂,-1.35
2025-06-04,688799,化学制剂,-1.78
2025-06-05,000513,化学制剂,-0.57
2025-06-05,000566,化学制剂,2.0
2025-06-05,000766,化学制剂,1.92
2025-06-05,000915,化学制剂,0.91
2025-06-05,000931,化学制剂,0.38
2025-06-05,000963,化学制剂,-0.3
2025-06-05,002038,化学制剂,0.85
2025-06-05,002294,化学制剂,1.62
2025-06-05,002399,化学制剂,-0.16
2025-06-05,002550,化学制剂,0.49
2025-06-05,300016,化学制剂,-1.63
2025-06-05,300111,化学制剂,2.91
2025-06-05,300254,化学制剂,-0.8
2025-06-05,300434,化学制剂,-1.49
2025-06-05,300640,其他家居用品,-1.18
2025-06-05,300993,其他家居用品,-1.43
2025-06-05,600062,化学制剂,-0.56
2025-06-05,601089,化学制剂,0.12
2025-06-05,603367,化学制剂,3.67
2025-06-05,603838,其他家居用品,7.55
2025-06-05,688117,化学制剂,1.35
2025-06-05,688176,化学制剂,-0.33
2025-06-05,688192,化学制剂,2.83
2025-06-05,688197,化学制剂,-1.01
2025-06-05,688266,化学制剂,-1.19
2025-06-05,688428,化学制剂,2.14
2025-06-05,688505,化学制剂,-2.61
2025-06-05,688506,化学制剂,0.01
2025-06-06,000513,化学制剂,4.68
2025-06-06,000919,化学制剂,1.89
2025-06-06,002639,制冷空调设备,-1.09
2025-06-06,300204,化学制剂,9.82
2025-06-06,301225,底盘与发动机系统,0.09
2025-06-06,600613,化学制剂,0.75
2025-06-06,688321,化学制剂,4.12
2025-06-09,600486,农药,1.12
2025-06-10,000931,化学制剂,-0.94
2025-06-10,002019,化学制剂,-1.11
2025-06-10,002370,化学制剂,0.52
2025-06-10,300110,化学制剂,-0.6
2025-06-10,300111,化学制剂,-0.84
2025-06-10,300204,化学制剂,-3.82
2025-06-10,301507,化学制剂,-0.95
2025-06-10,600196,化学制剂,-0.77
2025-06-10,603669,化学制剂,0.95
2025-06-10,688192,化学制剂,-1.98
2025-06-10,688197,化学制剂,-0.19
2025-06-10,688221,化学制剂,-0.68
2025-06-10,688302,化学制剂,-2.97
2025-06-10,688321,化学制剂,-1.09
2025-06-10,688373,化学制剂,-0.58
2025-06-10,688428,化学制剂,-1.33
2025-06-10,688553,化学制剂,2.16
2025-06-10,688578,化学制剂,-0.48
2025-06-11,000513,化学制剂,-2.61
2025-06-11,000525,农药,-9.12
2025-06-11,000788,化学制剂,0.0
2025-06-11,000919,化学制剂,-0.57
2025-06-11,000931,化学制剂,0.76
2025-06-11,002004,化学制剂,0.47
2025-06-11,002250,农药,4.03
2025-06-11,002437,化学制剂,0.0
2025-06-11,002513,农药,1.49
2025-06-11,002793,化学制剂,-4.66
2025-06-11,002998,涤纶,-2.43
2025-06-11,300110,化学制剂,-0.3
2025-06-11,300199,化学制剂,0.36
2025-06-11,300255,化学制剂,-1.5
2025-06-11,300584,化学制剂,0.52
2025-06-11,300723,化学制剂,-0.41
2025-06-11,300796,农药,1.56
2025-06-11,301263,化学制剂,0.73
2025-06-11,600486,农药,2.03
2025-06-11,600521,化学制剂,2.18
2025-06-11,600664,化学制剂,0.26
2025-06-11,603187,制冷空调设备,-0.51
2025-06-11,603367,化学制剂,-1.29
2025-06-11,603585,农药,5.45
2025-06-11,603811,化学制剂,-0.2
2025-06-11,603838,其他家居用品,-1.76
2025-06-11,688062,化学制剂,2.66
2025-06-11,688117,化学制剂,-28.02
2025-06-11,688176,化学制剂,0.96
2025-06-11,688189,化学制剂,0.62
2025-06-11,688302,化学制剂,1.5
2025-06-11,688506,化学制剂,-0.3
2025-06-11,688513,化学制剂,1.84
2025-06-12,002940,化学制剂,-0.65
2025-06-12,603838,其他家居用品,-2.69
2025-06-13,000553,农药,-0.82
2025-06-13,001231,农药,0.86
2025-06-13,002496,农药,3.09
2025-06-13,002653,化学制剂,-2.41
2025-06-13,002734,农药,16.77
2025-06-13,002826,化学制剂,3.68
2025-06-13,300016,化学制剂,8.67
2025-06-13,300254,化学制剂,7.04
2025-06-13,300255,化学制剂,2.8
2025-06-13,600267,化学制剂,-1.03
2025-06-13,603332,涤纶,3.19
2025-06-13,603669,化学制剂,1.55
2025-06-13,688192,化学制剂,0.39
2025-06-13,688235,化学制剂,1.05
2025-06-13,688382,化学制剂,-3.93
2025-06-13,688553,化学制剂,-0.71
2025-06-13,688566,化学制剂,-0.65
2025-06-16,000908,化学制剂,4.81
2025-06-16,002019,化学制剂,-5.38
2025-06-16,002399,化学制剂,-1.77
2025-06-16,002550,化学制剂,-10.31
2025-06-16,002653,化学制剂,-6.41
2025-06-16,002742,化学制剂,3.32
2025-06-16,002755,化学制剂,-9.18
2025-06-16,300558,化学制剂,-6.2
2025-06-16,301225,底盘与发动机系统,-6.42
2025-06-16,688176,化学制剂,-5.01
2025-06-16,688513,化学制剂,-8.54
2025-06-17,000766,化学制剂,2.42
2025-06-17,002393,化学制剂,-3.43
2025-06-18,000553,农药,0.0
2025-06-18,002872,化学制剂,0.22
2025-06-18,002940,化学制剂,-6.33
2025-06-18,300006,化学制剂,-3.23
2025-06-18,300204,化学制剂,0.18
2025-06-18,300436,化学制剂,-10.59
2025-06-18,300804,农药,6.77
2025-06-18,603086,农药,-2.69
2025-06-18,603585,农药,-5.0
2025-06-18,603818,成品家居,-7.55
2025-06-18,605033,农药,-5.37
2025-06-18,688266,化学制剂,-0.66
2025-06-18,688505,化学制剂,-2.89
2025-06-19,000525,农药,-4.39
2025-06-19,002513,农药,-1.98
2025-06-19,002898,化学制剂,-1.96
2025-06-19,600731,农药,-2.38
2025-06-19,603389,成品家居,5.94
2025-06-19,603818,成品家居,6.44
2025-06-20,600617,燃气,-6.31
2025-06-20,603318,燃气,-3.19
2025-06-23,300332,燃气,-1.57
2025-06-23,600333,燃气,-2.01
2025-06-25,300340,电池化学品,0.48
2025-06-25,300565,通信网络设备及器件,-1.64
2025-06-25,301238,电池化学品,2.06
2025-06-25,688148,电池化学品,2.44
2025-06-25,688707,电池化学品,-0.51
2025-06-25,688733,电池化学品,0.42
2025-06-26,002097,工程机械整机,0.25
2025-06-26,002805,电池化学品,-1.82
2025-06-26,300409,电池化学品,-0.6
2025-06-26,300698,通信网络设备及器件,1.57
2025-06-26,301487,电池化学品,-1.09
2025-06-26,688778,电池化学品,-5.17
2025-06-26,688779,电池化学品,-0.55
2025-06-27,300205,通信终端及配件,0.68
2025-06-27,301577,通信网络设备及器件,-0.29
2025-06-30,301205,通信网络设备及器件,-1.75
2025-06-30,600731,农药,-0.55
2025-06-30,603083,通信终端及配件,-1.06
2025-06-30,688618,通信网络设备及器件,-1.34
2025-07-01,002104,通信终端及配件,1.4
2025-07-01,002281,通信网络设备及器件,-1.71
2025-07-01,002558,游戏,1.35
2025-07-01,002602,游戏,2.59
2025-07-01,002902,通信网络设备及器件,-3.21
2025-07-01,300504,通信终端及配件,0.06
2025-07-01,300615,通信终端及配件,-1.12
2025-07-01,603118,通信终端及配件,-0.71
2025-07-01,603258,游戏,0.53
2025-07-02,002213,数字芯片设计,10.44
2025-07-02,002517,游戏,-1.3
2025-07-02,002555,游戏,-0.23
2025-07-02,002919,游戏,-0.77
2025-07-02,301314,通信网络设备及器件,2.15
2025-07-02,603444,游戏,0.51
2025-07-02,605180,其他纺织,0.57
2025-07-02,688047,数字芯片设计,-3.6
2025-07-02,688591,数字芯片设计,-0.41
2025-07-03,002168,配电设备,1.72
2025-07-03,300548,通信网络设备及器件,-6.65
2025-07-04,002350,配电设备,2.88
2025-07-04,300502,通信网络设备及器件,-0.02
2025-07-04,300670,配电设备,3.63
2025-07-04,301061,成品家居,4.32
2025-07-04,301388,配电设备,20.52
2025-07-04,600596,农药,0.24
2025-07-04,603816,成品家居,-0.16
2025-07-04,688517,配电设备,3.15
2025-07-07,002555,游戏,-0.05
2025-07-07,002558,游戏,8.12
2025-07-07,002942,农药,-0.67
2025-07-07,300002,游戏,0.16
2025-07-07,603444,游戏,2.68
2025-07-07,688213,数字芯片设计,-0.19
2025-07-08,001210,热力服务,-2.06
2025-07-08,002893,热力服务,1.43
2025-07-09,000692,热力服务,-0.54
2025-07-09,002396,通信网络设备及器件,0.31
2025-07-09,002436,印制电路板,-6.98
2025-07-09,002463,印制电路板,-2.69
2025-07-09,002913,印制电路板,-2.09
2025-07-09,300476,印制电路板,-7.04
2025-07-09,301041,印制电路板,-4.81
2025-07-09,301577,通信网络设备及器件,-0.59
2025-07-09,600601,印制电路板,-1.76
2025-07-09,601877,配电设备,-0.43
2025-07-09,603228,印制电路板,-1.78
2025-07-09,603920,印制电路板,-1.6
2025-07-10,000823,印制电路板,-1.98
2025-07-10,001389,印制电路板,-2.83
2025-07-10,002350,配电设备,-0.56
2025-07-10,002384,印制电路板,-0.84
2025-07-10,002913,印制电路板,0.38
2025-07-10,002927,配电设备,-3.75
2025-07-10,003040,通信终端及配件,7.34
2025-07-10,300134,通信网络设备及器件,0.0
2025-07-10,300141,配电设备,-2.32
2025-07-10,300739,印制电路板,-2.24
2025-07-10,300936,印制电路板,0.96
2025-07-10,301176,印制电路板,-0.89
2025-07-10,301251,印制电路板,-1.22
2025-07-10,301282,印制电路板,-2.79
2025-07-10,301314,通信网络设备及器件,-2.21
2025-07-10,301361,配电设备,-1.2
2025-07-10,301386,配电设备,-3.1
2025-07-10,301388,配电设备,-2.01
2025-07-10,603118,通信终端及配件,1.9
2025-07-10,603228,印制电路板,-3.83
2025-07-10,603386,印制电路板,-0.83
2025-07-10,603861,配电设备,-1.52
2025-07-10,603920,印制电路板,-0.46
2025-07-10,688517,配电设备,-1.49
2025-07-11,002902,通信网络设备及器件,-0.89
2025-07-11,300141,配电设备,8.95
2025-07-11,300283,配电设备,2.65
2025-07-11,300502,通信网络设备及器件,12.47
2025-07-11,300548,通信网络设备及器件,0.93
2025-07-11,300570,通信网络设备及器件,2.02
2025-07-11,300615,通信终端及配件,0.89
2025-07-11,301361,配电设备,2.0
2025-07-11,600052,热力服务,-0.88
2025-07-14,002104,通信终端及配件,-0.14
2025-07-14,688728,数字芯片设计,0.44
2025-07-15,002168,配电设备,-0.28
2025-07-15,002350,配电设备,-0.42
2025-07-15,002623,光伏辅材,7.79
2025-07-15,002927,配电设备,-0.06
2025-07-15,300141,配电设备,-1.02
2025-07-15,300615,通信终端及配件,-5.04
2025-07-15,301266,光伏辅材,2.84
2025-07-15,603861,配电设备,0.4
2025-07-16,000063,通信网络设备及器件,4.4
2025-07-16,002384,印制电路板,10.27
2025-07-16,002396,通信网络设备及器件,2.21
2025-07-16,002463,印制电路板,9.65
2025-07-16,002916,印制电路板,8.37
2025-07-16,002938,印制电路板,13.05
2025-07-16,003040,通信终端及配件,-1.92
2025-07-16,300394,通信网络设备及器件,3.19
2025-07-16,300476,印制电路板,9.58
2025-07-16,300570,通信网络设备及器件,6.27
2025-07-16,300620,通信网络设备及器件,3.43
2025-07-16,600183,印制电路板,8.51
2025-07-16,603083,通信终端及配件,12.11
2025-07-16,603920,印制电路板,3.64
2025-07-16,688008,数字芯片设计,1.3
2025-07-16,688313,通信网络设备及器件,11.87
2025-07-16,688728,数字芯片设计,0.19
2025-07-17,001378,膜材料,0.92
2025-07-18,000063,通信网络设备及器件,-0.32
2025-07-18,002281,通信网络设备及器件,-0.89
2025-07-18,300502,通信网络设备及器件,-3.55
2025-07-18,300620,通信网络设备及器件,-0.26
2025-07-18,301360,仪器仪表,0.98
2025-07-18,688618,通信网络设备及器件,3.45
2025-07-18,688668,通信网络设备及器件,8.39
2025-07-21,001389,印制电路板,-0.87
2025-07-21,002463,印制电路板,-1.48
2025-07-21,002792,通信网络设备及器件,-0.7
2025-07-21,002913,印制电路板,-2.07
2025-07-21,300394,通信网络设备及器件,-1.72
2025-07-21,300476,印制电路板,-3.44
2025-07-21,300502,通信网络设备及器件,-3.17
2025-07-21,300570,通信网络设备及器件,9.88
2025-07-21,301132,印制电路板,-4.97
2025-07-21,301251,印制电路板,5.42
2025-07-21,688503,光伏辅材,-0.77
2025-07-22,001378,膜材料,-0.13
2025-07-22,002058,仪器仪表,1.18
2025-07-22,002436,印制电路板,7.45
2025-07-22,002916,印制电路板,0.76
2025-07-22,002927,配电设备,-2.82
2025-07-22,300417,仪器仪表,-1.0
2025-07-22,301237,膜材料,-1.18
2025-07-22,603700,仪器仪表,-1.13
2025-07-22,688115,仪器仪表,1.98
2025-07-22,688655,印制电路板,0.33
2025-07-23,002916,印制电路板,-2.98
2025-07-23,003022,光伏辅材,0.8
2025-07-23,300112,仪器仪表,0.54
2025-07-23,300259,仪器仪表,0.54
2025-07-23,300417,仪器仪表,1.09
2025-07-23,300445,仪器仪表,2.33
2025-07-23,301251,印制电路板,2.06
2025-07-23,600183,印制电路板,-0.16
2025-07-23,601877,配电设备,0.77
2025-07-23,688517,配电设备,-0.72
2025-07-23,688665,仪器仪表,-0.21
2025-07-23,688718,膜材料,-0.61
2025-07-24,300677,医疗耗材,2.98
2025-07-24,688517,配电设备,0.92
2025-07-25,002350,配电设备,0.28
2025-07-25,300705,化学制剂,-1.08
2025-07-25,301122,医疗耗材,0.17
2025-07-25,600774,化学制剂,5.09
2025-07-25,688192,化学制剂,4.62
2025-07-25,688366,医疗耗材,-1.4
2025-07-25,688408,光伏辅材,-1.64
2025-07-28,002950,医疗耗材,-0.54
2025-07-28,003022,光伏辅材,0.36
2025-07-28,300003,医疗耗材,0.52
2025-07-28,300529,医疗耗材,2.41
2025-07-28,301033,医疗耗材,0.71
2025-07-28,301087,医疗耗材,0.46
2025-07-28,301097,医疗耗材,-3.03
2025-07-28,600529,医疗耗材,0.04
2025-07-28,603309,医疗耗材,2.05
2025-07-28,603987,医疗耗材,0.36
2025-07-28,688016,医疗耗材,1.86
2025-07-28,688026,医疗耗材,0.0
2025-07-28,688029,医疗耗材,-1.38
2025-07-28,688314,医疗耗材,-2.04
2025-07-28,688366,医疗耗材,1.07
2025-07-28,688576,医疗耗材,0.42
2025-07-28,688581,医疗耗材,-1.79
2025-07-29,002916,印制电路板,-0.26
2025-07-29,300110,化学制剂,0.82
2025-07-29,301130,化学制剂,1.01
2025-07-29,688323,膜材料,0.62
2025-07-29,688503,光伏辅材,-1.96
2025-07-29,688519,印制电路板,-5.01
2025-07-29,688578,化学制剂,-2.02
2025-07-30,000153,化学制剂,-1.9
2025-07-30,002038,化学制剂,1.08
2025-07-30,002463,印制电路板,-1.58
2025-07-30,002653,化学制剂,7.34
2025-07-30,002916,印制电路板,-3.81
2025-07-30,003020,化学制剂,1.61
2025-07-30,300199,化学制剂,7.22
2025-07-30,300806,膜材料,-0.11
2025-07-30,600183,印制电路板,-0.07
2025-07-30,600276,化学制剂,-0.9
2025-07-30,600513,化学制剂,-3.95
2025-07-30,600601,印制电路板,-1.31
2025-07-30,603186,印制电路板,-1.41
2025-07-30,688247,化学制剂,0.32
2025-07-30,688321,化学制剂,3.77
2025-07-30,688382,化学制剂,4.65
2025-07-30,688578,化学制剂,-0.7
2025-07-30,688718,膜材料,-4.65
2025-07-31,000919,化学制剂,0.69
2025-07-31,000963,化学制剂,-1.85
2025-07-31,002019,化学制剂,1.5
2025-07-31,002020,化学制剂,2.5
2025-07-31,002370,化学制剂,17.86
2025-07-31,002913,印制电路板,0.05
2025-07-31,002950,医疗耗材,1.74
2025-07-31,300110,化学制剂,-0.55
2025-07-31,300194,化学制剂,0.22
2025-07-31,300434,化学制剂,-3.67
2025-07-31,300453,医疗耗材,1.81
2025-07-31,300529,医疗耗材,-0.46
2025-07-31,300759,医疗研发外包,-4.5
2025-07-31,300806,膜材料,-2.93
2025-07-31,300814,印制电路板,-2.24
2025-07-31,301033,医疗耗材,-2.11
2025-07-31,301075,化学制剂,-0.96
2025-07-31,600196,化学制剂,-1.61
2025-07-31,600420,化学制剂,-1.48
2025-07-31,600513,化学制剂,6.53
2025-07-31,600521,化学制剂,-7.43
2025-07-31,600664,化学制剂,-0.25
2025-07-31,600721,医疗研发外包,-1.08
2025-07-31,600812,化学制剂,0.88
2025-07-31,601089,化学制剂,8.95
2025-07-31,603127,医疗研发外包,0.6
2025-07-31,603207,化学制剂,4.08
2025-07-31,603328,印制电路板,-3.41
2025-07-31,603707,化学制剂,-1.53
2025-07-31,603987,医疗耗材,2.13
2025-07-31,688091,化学制剂,6.5
2025-07-31,688161,医疗耗材,-1.22
2025-07-31,688176,化学制剂,-3.9
2025-07-31,688197,化学制剂,0.53
2025-07-31,688351,医疗耗材,-0.55
2025-07-31,688373,化学制剂,0.0
2025-07-31,688386,膜材料,-0.68
2025-07-31,688505,化学制剂,-2.22
2025-07-31,688553,化学制剂,-1.03
2025-07-31,688710,医疗研发外包,-3.12
2025-08-01,002038,化学制剂,1.82
2025-08-01,002653,化学制剂,1.35
2025-08-01,300006,化学制剂,6.07
2025-08-01,300086,化学制剂,3.41
2025-08-01,300199,化学制剂,28.33
2025-08-01,300436,化学制剂,17.56
2025-08-01,301130,化学制剂,1.48
2025-08-01,600062,化学制剂,-0.63
2025-08-01,600420,化学制剂,0.88
2025-08-01,603811,化学制剂,14.36
2025-08-01,688376,环保设备,11.63
2025-08-04,000813,化学制剂,0.9
2025-08-04,002437,化学制剂,-2.1
2025-08-04,300254,化学制剂,-2.37
2025-08-04,300454,横向通用软件,-1.23
2025-08-04,300705,化学制剂,-1.46
2025-08-04,300723,化学制剂,-2.42
2025-08-04,603806,光伏辅材,-1.52
2025-08-04,603976,医疗耗材,1.73
2025-08-04,688062,化学制剂,0.75
2025-08-04,688108,医疗耗材,0.96
2025-08-04,688176,化学制剂,-0.73
2025-08-04,688680,光伏辅材,-1.38
2025-08-05,000915,化学制剂,0.09
2025-08-05,002370,化学制剂,-6.89
2025-08-05,002396,通信网络设备及器件,3.58
2025-08-05,002902,通信网络设备及器件,-0.72
2025-08-05,300221,改性塑料,4.83
2025-08-05,600774,化学制剂,-3.57
2025-08-05,603207,化学制剂,-1.66
2025-08-05,603367,化学制剂,8.44
2025-08-05,688376,环保设备,0.67
2025-08-06,002020,化学制剂,2.73
2025-08-06,002262,化学制剂,-1.07
2025-08-06,002693,化学制剂,-0.36
2025-08-06,300006,化学制剂,-2.48
2025-08-06,300199,化学制剂,-3.28
2025-08-06,300436,化学制剂,0.87
2025-08-06,300558,化学制剂,-2.67
2025-08-06,300595,医疗耗材,3.17
2025-08-06,603168,化学制剂,-0.49
2025-08-06,603301,医疗耗材,0.59
2025-08-06,688026,医疗耗材,1.37
2025-08-06,688309,环保设备,-0.97
2025-08-06,688553,化学制剂,-2.53
2025-08-06,688576,医疗耗材,-0.46
2025-08-06,688669,改性塑料,-2.36
2025-08-07,001260,车身附件及饰件,-0.1
2025-08-07,001336,环保设备,2.99
2025-08-07,002048,车身附件及饰件,-3.56
2025-08-07,002324,改性塑料,0.23
2025-08-07,002675,化学制剂,-0.87
2025-08-07,002898,化学制剂,1.46
2025-08-07,300221,改性塑料,-0.31
2025-08-07,300558,化学制剂,-0.01
2025-08-07,300586,改性塑料,0.6
2025-08-07,300800,环保设备,1.58
2025-08-07,300922,地面兵装,-1.68
2025-08-07,301133,车身附件及饰件,1.36
2025-08-07,603168,化学制剂,0.86
2025-08-07,603811,化学制剂,6.23
2025-08-08,000919,化学制剂,0.0
2025-08-08,002048,车身附件及饰件,0.82
2025-08-08,002662,车身附件及饰件,0.55
2025-08-08,300134,通信网络设备及器件,0.78
2025-08-08,300538,改性塑料,3.76
2025-08-08,300570,通信网络设备及器件,3.82
2025-08-08,300786,环保设备,-0.37
2025-08-08,300978,车身附件及饰件,1.54
2025-08-08,301314,通信网络设备及器件,2.96
2025-08-08,301529,车身附件及饰件,-1.25
2025-08-08,600143,改性塑料,9.12
2025-08-08,688309,环保设备,3.84
2025-08-11,002020,化学制剂,2.22
2025-08-11,300706,半导体材料,5.98
2025-08-11,600626,车身附件及饰件,-2.88
2025-08-11,603367,化学制剂,-0.71
2025-08-11,603811,化学制剂,-3.09
2025-08-11,605068,车身附件及饰件,-3.37
2025-08-11,688146,半导体材料,15.08
2025-08-12,001336,环保设备,-1.59
2025-08-12,002262,化学制剂,0.34
2025-08-12,002768,改性塑料,4.93
2025-08-12,002886,改性塑料,0.58
2025-08-12,002923,化学制剂,-3.56
2025-08-12,300233,化学制剂,-1.59
2025-08-12,300478,改性塑料,-0.06
2025-08-12,300538,改性塑料,0.11
2025-08-12,300978,车身附件及饰件,0.93
2025-08-12,301131,改性塑料,-0.19
2025-08-12,600184,地面兵装,2.82
2025-08-12,601089,化学制剂,3.63
2025-08-12,603367,化学制剂,-4.93
2025-08-12,603811,化学制剂,-0.89
2025-08-12,688219,改性塑料,2.82
2025-08-12,688671,环保设备,-0.45
2025-08-13,300194,化学制剂,-4.73
2025-08-13,300800,环保设备,-4.6
2025-08-13,300995,改性塑料,-6.05
2025-08-13,301081,环保设备,-2.28
2025-08-13,603126,环保设备,3.19
2025-08-13,688530,半导体材料,-4.22
2025-08-13,688535,半导体材料,-2.43
2025-08-14,000519,地面兵装,1.36
2025-08-14,001400,其他专用设备,11.49
2025-08-14,002324,改性塑料,4.43
2025-08-14,002768,改性塑料,11.2
2025-08-14,300499,其他专用设备,11.8
2025-08-14,300538,改性塑料,4.93
2025-08-14,300756,其他专用设备,3.43
2025-08-14,300902,其他专用设备,10.91
2025-08-14,603324,环保设备,2.44
2025-08-14,688092,其他专用设备,1.11
2025-08-14,688219,改性塑料,15.5
2025-08-14,688383,其他专用设备,1.72
2025-08-14,688432,半导体材料,2.17
2025-08-14,688584,半导体材料,13.08
2025-08-15,000576,地面兵装,0.71
2025-08-15,300472,其他专用设备,0.51
2025-08-15,600967,地面兵装,7.51
2025-08-15,603126,环保设备,-1.78
2025-08-15,603159,其他专用设备,1.96
2025-08-18,301338,其他专用设备,-1.31
2025-08-18,688219,改性塑料,-2.02
2025-08-18,688401,半导体材料,-2.24
2025-08-18,688648,其他专用设备,2.75
2025-08-19,002768,改性塑料,4.32
2025-08-19,002886,改性塑料,0.99
2025-08-19,300666,半导体材料,6.17
2025-08-19,300756,其他专用设备,-0.34
2025-08-19,301310,汽车电子电气系统,-6.43
2025-08-19,600499,其他专用设备,0.86
2025-08-19,605358,半导体材料,1.95
2025-08-19,688126,半导体材料,1.55
2025-08-19,688211,其他专用设备,1.1
2025-08-19,688219,改性塑料,1.38
2025-08-19,688234,半导体材料,-0.57
2025-08-19,688383,其他专用设备,11.19
2025-08-19,688400,其他专用设备,2.06
2025-08-19,688432,半导体材料,1.63
2025-08-19,688535,半导体材料,7.1
2025-08-19,688661,半导体材料,1.15
2025-08-19,688667,汽车电子电气系统,1.67
2025-08-19,688721,半导体材料,0.04
2025-08-20,001400,其他专用设备,-3.37
2025-08-20,002432,体外诊断,0.46
2025-08-20,300499,其他专用设备,-1.44
2025-08-20,300685,体外诊断,0.66
2025-08-20,301003,改性塑料,-0.93
2025-08-20,301357,地面兵装,-0.9
2025-08-20,688648,其他专用设备,-8.53
2025-08-21,002006,其他专用设备,1.2
2025-08-21,002119,半导体材料,4.0
2025-08-21,300642,体外诊断,8.2
2025-08-21,300666,半导体材料,1.85
2025-08-21,300902,其他专用设备,0.2
2025-08-21,301013,其他专用设备,-1.16
2025-08-21,600520,其他专用设备,2.91
2025-08-21,600645,体外诊断,-0.63
2025-08-21,603159,其他专用设备,0.78
2025-08-21,605358,半导体材料,3.52
2025-08-21,688022,其他专用设备,-0.06
2025-08-21,688328,其他专用设备,0.36
2025-08-21,688383,其他专用设备,0.41
2025-08-21,688535,半导体材料,5.22
2025-08-21,688584,半导体材料,-0.22
2025-08-22,002768,改性塑料,-1.5
2025-08-22,300942,体外诊断,0.77
2025-08-22,301538,改性塑料,0.06
2025-08-25,002119,半导体材料,-0.39
2025-08-25,301369,半导体设备,1.54
2025-08-25,301611,半导体材料,-0.6
2025-08-25,301629,半导体设备,-0.86
2025-08-25,603387,体外诊断,0.34
2025-08-25,603690,半导体设备,-0.37
2025-08-25,688138,半导体材料,-1.87
2025-08-25,688361,半导体设备,0.18
2025-08-25,688535,半导体材料,-4.84
2025-08-25,688605,半导体设备,-1.3
2025-08-25,688652,半导体设备,-4.19
2025-08-25,688720,半导体材料,-1.76
2025-08-26,001395,其他专用设备,-2.33
2025-08-26,002119,半导体材料,-3.22
2025-08-26,002409,半导体材料,-1.8
2025-08-26,300004,其他专用设备,-2.01
2025-08-26,300103,其他专用设备,-6.84
2025-08-26,300666,半导体材料,0.87
2025-08-26,301611,半导体材料,-2.65
2025-08-26,600206,半导体材料,2.17
2025-08-26,603690,半导体设备,-2.14
2025-08-26,688126,半导体材料,-2.24
2025-08-26,688138,半导体材料,-1.6
2025-08-26,688233,半导体材料,0.24
2025-08-26,688317,体外诊断,-5.27
2025-08-26,688400,其他专用设备,-2.57
2025-08-26,688432,半导体材料,-2.22
2025-08-26,688530,半导体材料,-2.12
2025-08-26,688535,半导体材料,2.04
2025-08-26,688575,体外诊断,-2.88
2025-08-26,688605,半导体设备,-2.06
2025-08-27,001395,其他专用设备,3.1
2025-08-27,001400,其他专用设备,3.3
2025-08-27,300642,体外诊断,-5.02
2025-08-27,300833,其他专用设备,-0.64
2025-08-27,301678,半导体材料,0.56
2025-08-27,600499,其他专用设备,-0.77
2025-08-27,688072,半导体设备,2.65
2025-08-27,688082,半导体设备,3.2
2025-08-27,688092,其他专用设备,1.25
2025-08-27,688162,其他专用设备,-0.13
2025-08-27,688217,体外诊断,-4.19
2025-08-27,688729,半导体设备,8.95
2025-08-29,300604,半导体设备,4.77
2025-08-29,300913,通信线缆及配套,1.38
2025-08-29,301611,半导体材料,0.56
2025-08-29,301628,印制电路板,-0.01
2025-08-29,600487,通信线缆及配套,0.53
2025-08-29,600522,通信线缆及配套,-0.61
2025-08-29,600601,印制电路板,4.36
2025-08-29,688183,印制电路板,2.25
2025-08-29,688409,半导体设备,0.72
2025-08-29,688729,半导体设备,-1.91
2025-09-01,000070,通信线缆及配套,-7.68
2025-09-01,000823,印制电路板,-6.1
2025-09-01,002384,印制电路板,-7.4
2025-09-01,002938,印制电路板,-8.56
2025-09-01,003026,半导体材料,-3.37
2025-09-01,300476,印制电路板,-3.65
2025-09-01,300852,印制电路板,-3.83
2025-09-01,301611,半导体材料,-4.53
2025-09-01,600487,通信线缆及配套,-2.15
2025-09-01,603328,印制电路板,-5.23
2025-09-01,603920,印制电路板,-5.44
2025-09-01,688411,其他电源设备,-0.79
2025-09-01,688535,半导体材料,-4.91
2025-09-02,002409,半导体材料,-0.69
2025-09-02,002436,印制电路板,-2.23
2025-09-02,002564,其他专业工程,-3.98
2025-09-02,600105,通信线缆及配套,0.57
2025-09-02,600206,半导体材料,-7.21
2025-09-02,600601,印制电路板,7.82
2025-09-02,601865,光伏辅材,-1.43
2025-09-02,601869,通信线缆及配套,16.59
2025-09-02,603381,光伏辅材,-4.12
2025-09-02,603936,印制电路板,1.22
2025-09-03,002323,其他专业工程,0.0
2025-09-03,002384,印制电路板,-9.63
2025-09-03,002463,印制电路板,-11.65
2025-09-03,300842,光伏辅材,1.86
2025-09-03,301046,其他专业工程,-1.46
2025-09-03,600207,光伏辅材,13.1
2025-09-03,601618,其他专业工程,-1.17
2025-09-03,601865,光伏辅材,5.39
2025-09-03,603920,印制电路板,-6.69
2025-09-03,605289,其他专业工程,-5.52
2025-09-04,301369,半导体设备,2.37
2025-09-04,603690,半导体设备,7.7
2025-09-08,300842,光伏辅材,0.04
2025-09-08,600207,光伏辅材,0.37
2025-09-08,601865,光伏辅材,-1.84
2025-09-08,603806,光伏辅材,-1.23
2025-09-08,688560,光伏辅材,-1.27
2025-09-09,002850,锂电池,-1.14
2025-09-09,300014,锂电池,-0.14
2025-09-09,300207,锂电池,-2.55
2025-09-09,300750,锂电池,-0.77
2025-09-09,600098,火力发电,-1.29
2025-09-09,603806,光伏辅材,-1.38
2025-09-09,688063,锂电池,1.71
2025-09-09,688503,光伏辅材,-3.33
2025-09-09,688560,光伏辅材,-1.16
2025-09-09,688598,光伏辅材,0.11
2025-09-09,688772,锂电池,-1.35
2025-09-10,000049,锂电池,1.33
2025-09-10,002850,锂电池,7.02
2025-09-10,300438,锂电池,2.55
2025-09-10,301046,其他专业工程,-3.47
2025-09-10,301587,锂电池,0.33
2025-09-10,600478,锂电池,1.24
2025-09-10,688345,锂电池,-2.83
2025-09-11,600795,火力发电,-0.39
2025-09-12,002850,锂电池,1.18
2025-09-12,301150,锂电池,19.11
2025-09-12,600207,光伏辅材,1.45
2025-09-12,600795,火力发电,0.19
2025-09-12,688388,锂电池,-1.2
2025-09-12,688503,光伏辅材,-3.03
2025-09-15,002608,火力发电,-1.02
2025-09-15,300011,轨交设备,1.81
2025-09-15,300165,仪器仪表,1.39
2025-09-15,688627,仪器仪表,1.26
2025-09-16,002491,通信线缆及配套,-0.48
2025-09-16,300438,锂电池,-0.31
2025-09-16,300750,锂电池,4.99
2025-09-16,301150,锂电池,-2.02
2025-09-16,600021,火力发电,-4.83
2025-09-16,600478,锂电池,-1.19
2025-09-16,600795,火力发电,0.78
2025-09-17,002766,汽车电子电气系统,-0.7
2025-09-17,300304,汽车电子电气系统,-1.96
2025-09-17,300953,锂电池,-5.27
2025-09-17,688195,光学元件,8.12
2025-09-17,688322,光学元件,-3.45
2025-09-18,000049,锂电池,-0.41
2025-09-18,002608,火力发电,-0.5
2025-09-18,300207,锂电池,1.2
2025-09-18,300750,锂电池,1.51
2025-09-18,301327,锂电池,-1.88
2025-09-18,301488,汽车电子电气系统,-5.54
2025-09-19,002664,汽车电子电气系统,5.28
2025-09-19,002870,汽车电子电气系统,-0.29
2025-09-19,300304,汽车电子电气系统,-1.36
2025-09-19,300984,其他通用设备,4.23
2025-09-19,600522,通信线缆及配套,4.77
2025-09-19,603179,汽车电子电气系统,2.03
2025-09-19,603269,其他通用设备,10.27
2025-09-19,603786,汽车电子电气系统,9.23
2025-09-19,688378,光学元件,1.67
2025-09-19,688433,其他通用设备,4.56
2025-09-19,688516,光伏加工设备,-2.94
2025-09-19,688557,其他通用设备,-1.15
2025-09-22,600699,汽车电子电气系统,-1.22
2025-09-22,603297,光学元件,-2.57
2025-09-23,002222,光学元件,1.98
2025-09-23,600071,光学元件,3.34
2025-09-23,603088,机床工具,1.87
2025-09-23,688028,磨具磨料,-1.29
2025-09-24,002008,激光设备,-0.38
2025-09-25,002559,机床工具,-1.55
2025-09-25,301021,激光设备,-4.47
2025-09-25,603035,车身附件及饰件,0.99
2025-09-25,603088,机床工具,-4.48
2025-09-25,688502,光学元件,-4.6
2025-09-25,688559,激光设备,-4.01
2025-09-26,002906,汽车电子电气系统,1.59
2025-09-26,301631,汽车电子电气系统,-0.74
2025-09-26,603088,机床工具,1.5
2025-09-29,000581,底盘与发动机系统,-0.9
2025-09-29,002703,底盘与发动机系统,-1.76
2025-09-29,300680,底盘与发动机系统,-4.9
2025-09-29,603040,底盘与发动机系统,-3.61
2025-09-29,688028,磨具磨料,-3.52
2025-09-30,301360,仪器仪表,8.11
2025-09-30,600783,磨具磨料,1.1
2025-09-30,603786,汽车电子电气系统,-0.53
2025-09-30,605056,仪器仪表,4.17
2025-09-30,688148,电池化学品,-1.46
2025-09-30,688610,仪器仪表,-4.54
2025-10-09,002620,装修装饰,-6.37
2025-10-09,002709,电池化学品,-11.68
2025-10-09,300037,电池化学品,-8.49
2025-10-09,300769,电池化学品,-11.18
2025-10-09,301013,其他专用设备,15.92
2025-10-09,603659,电池化学品,-16.45
2025-10-09,688275,电池化学品,-10.24
2025-10-09,688596,其他专用设备,1.09
2025-10-09,688610,仪器仪表,-9.19
2025-10-10,002079,电池化学品,5.48
2025-10-10,002340,电池化学品,14.43
2025-10-10,002812,电池化学品,9.14
2025-10-10,300037,电池化学品,4.52
2025-10-10,300073,电池化学品,11.61
2025-10-10,300349,仪器仪表,3.25
2025-10-10,300390,电池化学品,11.35
2025-10-10,300432,电池化学品,7.85
2025-10-10,300567,仪器仪表,6.82
2025-10-10,300568,电池化学品,4.32
2025-10-10,301152,电池化学品,5.75
2025-10-10,301360,仪器仪表,13.82
2025-10-10,600499,其他专用设备,1.45
2025-10-10,600884,电池化学品,10.35
2025-10-10,603026,电池化学品,21.28
2025-10-10,603656,其他专用设备,5.37
2025-10-10,688005,电池化学品,9.05
2025-10-10,688275,电池化学品,11.19
2025-10-14,300388,水务及水治理,-1.62
2025-10-14,603360,农药,1.56
2025-10-14,688596,其他专用设备,-0.33
2025-10-15,000006,住宅开发,4.92
2025-10-15,300540,其他专用设备,-2.38
2025-10-15,300756,其他专用设备,-2.83
2025-10-15,300774,水务及水治理,-0.2
2025-10-15,301013,其他专用设备,-4.67
2025-10-15,600389,农药,-3.85
2025-10-15,600641,住宅开发,-4.4
2025-10-15,600769,水务及水治理,-3.56
2025-10-15,603011,其他专用设备,-4.81
2025-10-15,688049,数字芯片设计,-1.95
2025-10-15,688525,数字芯片设计,4.58
2025-10-15,688531,其他专用设备,-2.2
2025-10-16,300756,其他专用设备,-6.67
2025-10-17,002171,铜,2.36
2025-10-17,002816,其他专用设备,-1.71
2025-10-17,301598,其他专用设备,6.69
2025-10-17,600173,住宅开发,11.17
2025-10-17,600490,铜,4.28
2025-10-17,688416,数字芯片设计,-0.48
2025-10-17,688525,数字芯片设计,-3.19
2025-10-20,000014,住宅开发,4.13
2025-10-20,002016,住宅开发,1.29
2025-10-20,002942,农药,-2.21
2025-10-20,601212,铜,-12.41
2025-10-20,603810,农药,0.12
2025-10-21,301598,其他专用设备,-1.49
2025-10-22,600064,住宅开发,0.82
2025-10-22,600173,住宅开发,-6.98
2025-10-22,600515,住宅开发,-1.31
2025-10-22,688087,其他塑料制品,3.22
2025-10-22,688766,数字芯片设计,11.6
2025-10-23,000631,住宅开发,0.0
2025-10-23,000797,住宅开发,-2.0
2025-10-23,000838,住宅开发,-3.3
2025-10-23,002016,住宅开发,-2.22
2025-10-23,002133,住宅开发,-2.89
2025-10-23,002171,铜,3.11
2025-10-23,002208,住宅开发,1.75
2025-10-23,300823,其他专用设备,0.87
2025-10-23,600638,住宅开发,-1.75
2025-10-23,600736,住宅开发,-2.76
2025-10-23,600748,住宅开发,-2.61
2025-10-24,000006,住宅开发,-4.56
2025-10-24,000014,住宅开发,0.23
2025-10-24,000090,住宅开发,-2.04
2025-10-24,000797,住宅开发,5.1
2025-10-24,600185,住宅开发,0.46
2025-10-24,600683,住宅开发,0.22
2025-10-24,600708,住宅开发,-1.93
2025-10-24,600716,住宅开发,0.24
2025-10-24,600748,住宅开发,-5.95
2025-10-24,688087,其他塑料制品,0.53
2025-10-27,000006,住宅开发,-3.33
2025-10-27,300327,数字芯片设计,-0.31
2025-10-27,301083,其他专用设备,-0.76
2025-10-28,002816,其他专用设备,3.14
2025-10-28,301598,其他专用设备,0.0
2025-10-28,600064,住宅开发,0.93
2025-10-28,600499,其他专用设备,2.55
2025-10-28,603360,农药,-0.17
2025-10-28,605008,其他塑料制品,-0.43
2025-10-28,688531,其他专用设备,-5.77
2025-10-29,000736,住宅开发,6.05
2025-10-29,000797,住宅开发,-3.68
2025-10-29,605598,其他专业工程,-1.39
2025-10-30,000620,住宅开发,-11.23
2025-10-30,002171,铜,1.05
2025-10-30,002337,其他专用设备,0.33
2025-10-30,002595,其他专用设备,-0.89
2025-10-30,301200,其他专用设备,-6.15
2025-10-30,600510,住宅开发,-0.81
2025-10-30,688531,其他专用设备,-1.5
2025-10-31,300471,其他专用设备,1.76
2025-10-31,300520,垂直应用软件,-0.89
2025-10-31,301338,其他专用设备,-1.72
2025-10-31,600362,铜,-2.35
2025-10-31,600716,住宅开发,-0.48
2025-10-31,603232,垂直应用软件,0.31
2025-10-31,603993,铜,-4.15
2025-11-03,300235,垂直应用软件,4.2
2025-11-03,600064,住宅开发,-1.0
2025-11-03,600094,住宅开发,-2.86
2025-11-03,605178,其他专业工程,-4.47
2025-11-03,688615,垂直应用软件,1.93
2025-11-04,603360,农药,-0.95
2025-11-04,603527,铜,3.02
2025-11-05,603360,农药,0.29
2025-11-06,002474,IT服务,-4.44
2025-11-06,300235,垂直应用软件,-0.17
2025-11-06,300300,IT服务,2.74
2025-11-06,600654,垂直应用软件,-1.31
2025-11-06,603088,机床工具,-0.73
2025-11-07,000400,电网自动化设备,0.58
2025-11-07,600406,电网自动化设备,-0.31
2025-11-07,600885,电网自动化设备,-1.6
2025-11-07,601126,电网自动化设备,-3.16
2025-11-07,603933,其他电子,1.4
2025-11-07,603990,垂直应用软件,1.88
2025-11-07,688611,电网自动化设备,-3.3
2025-11-07,688697,机床工具,0.95
2025-11-10,002391,农药,0.3
2025-11-10,002885,其他电子,-5.78
2025-11-10,002922,其他电子,-4.01
2025-11-10,300150,IT服务,-0.77
2025-11-10,603232,垂直应用软件,-6.29
2025-11-11,001309,数字芯片设计,6.25
2025-11-11,002984,轮胎轮毂,1.68
2025-11-11,300223,数字芯片设计,-0.91
2025-11-11,300736,其他电子,6.58
2025-11-11,600469,轮胎轮毂,-1.68
2025-11-11,603049,轮胎轮毂,-1.02
2025-11-11,688416,数字芯片设计,0.85
2025-11-11,688766,数字芯片设计,1.15
2025-11-12,300131,其他电子,-0.86
2025-11-12,300235,垂直应用软件,0.35
2025-11-12,301069,其他化学原料,23.01
2025-11-12,600423,其他化学原料,3.01
2025-11-12,600955,其他化学原料,2.86
2025-11-14,001217,其他化学原料,0.92
2025-11-14,300082,其他化学原料,-2.51
2025-11-14,300327,数字芯片设计,0.18
2025-11-14,301118,其他化学原料,1.94
2025-11-14,301308,数字芯片设计,-6.97
2025-11-14,600955,其他化学原料,0.32
2025-11-14,603938,其他化学原料,-5.75
2025-11-14,688525,数字芯片设计,4.31
2025-11-14,688766,数字芯片设计,7.18
2025-11-17,002758,综合,-1.49
2025-11-18,000632,综合,-4.09
2025-11-18,000753,综合,-2.24
2025-11-18,000833,综合,0.32
2025-11-18,002758,综合,-0.4
2025-11-19,300672,数字芯片设计,-10.43
2025-11-19,300736,其他电子,-5.82
2025-11-19,600654,垂直应用软件,-5.33
2025-11-19,688296,垂直应用软件,-1.1
2025-11-19,688486,数字芯片设计,-7.24
2025-11-20,000881,其他化学制品,-3.16
2025-11-20,603232,垂直应用软件,1.22
2025-11-20,605366,其他化学制品,-5.89
2025-11-21,301118,其他化学原料,-4.01
2025-11-24,002455,其他化学制品,-0.88
2025-11-25,001216,其他家居用品,-4.97
2025-11-25,300523,IT服务,11.37
2025-11-25,301185,IT服务,-1.64
2025-11-25,301286,其他化学制品,-0.88
2025-11-26,605099,其他家居用品,5.63
2025-11-27,000566,化学制剂,-1.34
2025-11-27,002038,化学制剂,-1.39
2025-11-27,300086,化学制剂,0.4
2025-11-27,300448,IT服务,-0.39
2025-11-27,301185,IT服务,1.43
2025-11-27,301218,IT服务,0.09
2025-11-27,688221,化学制剂,-0.91
2025-11-27,688227,IT服务,0.09
2025-11-27,688365,IT服务,-7.39
2025-11-27,688562,IT服务,4.94
2025-11-28,000025,综合,-2.49
2025-11-28,605099,其他家居用品,1.44
2025-11-28,688227,IT服务,-2.44
2025-12-02,002923,化学制剂,-0.86
2025-12-02,603217,其他化学制品,-4.36
2025-12-03,600851,化学制剂,-2.07
2025-12-04,300640,其他家居用品,7.52
2025-12-05,603268,其他家居用品,-2.24
2025-12-08,301306,军工电子,4.75
2025-12-08,600851,化学制剂,-1.36
2025-12-09,002653,化学制剂,-4.65
2025-12-09,002977,军工电子,1.4
2025-12-09,300749,定制家居,-0.66
2025-12-09,300762,军工电子,5.61
2025-12-09,301213,军工电子,2.95
2025-12-09,301571,军工电子,0.32
2025-12-09,688053,军工电子,5.62
2025-12-09,688272,军工电子,-0.94
2025-12-10,000547,军工电子,-4.52
2025-12-10,002038,化学制剂,-3.36
2025-12-10,002413,军工电子,1.09
2025-12-10,688272,军工电子,1.05
2025-12-11,300616,定制家居,-4.84
2025-12-11,300640,其他家居用品,-4.08
2025-12-11,301213,军工电子,3.95
2025-12-11,600855,军工电子,15.38
2025-12-11,601010,多业态零售,-1.74
2025-12-11,603216,定制家居,-0.6
2025-12-11,688175,军工电子,2.76
2025-12-11,688682,军工电子,5.02
2025-12-12,002413,军工电子,20.32
2025-12-12,300447,军工电子,-0.23
2025-12-12,603216,定制家居,3.6
2025-12-12,688439,军工电子,1.24
2025-12-15,300447,军工电子,-2.41
2025-12-15,301213,军工电子,-2.16
2025-12-15,601369,能源及重型设备,0.49
2025-12-15,603391,能源及重型设备,-10.42
2025-12-15,688636,军工电子,-4.18
2025-12-16,002214,军工电子,0.06
2025-12-16,300762,军工电子,2.91
2025-12-16,301517,军工电子,0.1
2025-12-16,688011,军工电子,-0.91
2025-12-16,688175,军工电子,2.55
2025-12-17,000547,军工电子,0.95
2025-12-17,002151,军工电子,1.79
2025-12-17,002413,军工电子,-0.33
2025-12-17,002977,军工电子,10.18
2025-12-17,300045,军工电子,4.34
2025-12-17,301050,军工电子,3.33
2025-12-17,600855,军工电子,0.26
2025-12-17,688375,军工电子,5.32
2025-12-19,300045,军工电子,-1.09
2025-12-19,301205,通信网络设备及器件,-3.81
2025-12-19,301571,军工电子,-0.29
2025-12-19,688375,军工电子,-5.65
2025-12-22,001270,军工电子,-7.47
2025-12-22,300710,通信网络设备及器件,0.75
2025-12-22,301306,军工电子,-10.03
2025-12-22,600694,多业态零售,-1.75
2025-12-22,600778,多业态零售,0.55
2025-12-22,600824,多业态零售,-2.86
2025-12-22,600838,多业态零售,3.55
2025-12-22,601366,多业态零售,-4.98
2025-12-22,688011,军工电子,0.88
2025-12-22,688053,军工电子,-6.71
2025-12-22,688387,通信网络设备及器件,-7.04
2025-12-23,002204,能源及重型设备,0.81
2025-12-23,002383,军工电子,15.98
2025-12-23,002446,军工电子,5.13
2025-12-23,300045,军工电子,4.78
2025-12-23,300136,消费电子零部件及组装,19.52
2025-12-23,300837,能源及重型设备,-0.06
2025-12-23,301517,军工电子,9.41
2025-12-23,601399,能源及重型设备,1.57
2025-12-23,601702,铝,-1.84
2025-12-23,688311,军工电子,4.63
2025-12-24,600595,铝,-0.5
2025-12-24,601702,铝,2.91
2025-12-24,688788,军工电子,5.38
2025-12-25,300629,军工电子,7.22
2025-12-25,300726,军工电子,-3.64
2025-12-25,300812,消费电子零部件及组装,-0.95
2025-12-25,301086,消费电子零部件及组装,-0.51
2025-12-25,603929,其他专业工程,-7.21
2025-12-26,002214,军工电子,-0.44
2025-12-26,002947,消费电子零部件及组装,-2.9
2025-12-26,300101,军工电子,2.2
2025-12-26,300447,军工电子,-1.72
2025-12-26,301050,军工电子,0.38
2025-12-26,600990,军工电子,-2.0
2025-12-26,601231,消费电子零部件及组装,-1.89
2025-12-26,603890,消费电子零部件及组装,-2.87
2025-12-26,688788,军工电子,-0.44
2025-12-29,002446,军工电子,0.59
2025-12-29,300093,光伏电池组件,-0.93
2025-12-29,300118,光伏电池组件,-7.12
2025-12-29,300397,军工电子,-1.27
2025-12-29,301306,军工电子,-2.58
2025-12-29,301387,消费电子零部件及组装,1.67
2025-12-29,301571,军工电子,5.45
2025-12-29,688311,军工电子,-5.62
2025-12-29,688682,军工电子,-2.64
2025-12-30,002865,光伏电池组件,-0.6
2025-12-30,002935,军工电子,8.45
2025-12-30,300118,光伏电池组件,-0.07
2025-12-30,300337,铝,13.7
2025-12-31,000301,炼油化工,-2.65
2025-12-31,002197,其他计算机设备,-1.78
2025-12-31,002493,炼油化工,-1.37
2025-12-31,002571,其他家居用品,6.87
2025-12-31,300743,其他计算机设备,-1.52
2025-12-31,301123,消费电子零部件及组装,-0.4
2025-12-31,600688,炼油化工,-1.43
2025-12-31,601231,消费电子零部件及组装,-2.18
2026-01-05,002177,其他计算机设备,7.9
2026-01-05,002935,军工电子,1.45
2026-01-05,300868,消费电子零部件及组装,-0.38
2026-01-05,301571,军工电子,0.86
2026-01-05,603626,消费电子零部件及组装,-2.45
2026-01-05,688387,通信网络设备及器件,0.9
2026-01-06,300629,军工电子,0.43
2026-01-06,301306,军工电子,0.0
2026-01-06,301595,其他家居用品,0.82
2026-01-06,688081,军工电子,5.72
2026-01-06,688182,通信网络设备及器件,2.2
2026-01-07,000733,军工电子,5.17
2026-01-07,002177,其他计算机设备,-2.81
2026-01-07,002414,军工电子,-0.92
2026-01-07,300098,通信网络设备及器件,3.18
2026-01-07,300134,通信网络设备及器件,0.23
2026-01-07,300177,军工电子,7.87
2026-01-07,300397,军工电子,7.05
2026-01-07,300433,消费电子零部件及组装,0.6
2026-01-07,300455,其他计算机设备,8.83
2026-01-07,301180,消费电子零部件及组装,0.51
2026-01-07,301517,军工电子,5.5
2026-01-07,603712,军工电子,3.44
2026-01-08,000612,铝,7.24
2026-01-08,000933,铝,4.94
2026-01-08,002379,铝,14.12
2026-01-08,002532,铝,5.6
2026-01-08,600219,铝,3.5
2026-01-08,601600,铝,6.3
2026-01-08,603115,铝,-0.33
2026-01-09,300265,线缆部件及其他,4.66
2026-01-09,300337,铝,6.54
2026-01-09,300508,其他计算机设备,4.46
2026-01-09,603333,线缆部件及其他,-0.57
2026-01-09,603516,其他计算机设备,7.05
2026-01-09,688272,军工电子,0.27
2026-01-09,688618,通信网络设备及器件,5.66
2026-01-12,688011,军工电子,1.47
2026-01-13,000547,军工电子,-5.6
2026-01-13,000612,铝,-2.29
2026-01-13,000733,军工电子,-0.36
2026-01-13,000977,其他计算机设备,2.32
2026-01-13,001208,线缆部件及其他,-5.0
2026-01-13,002025,军工电子,-7.21
2026-01-13,002151,军工电子,-3.0
2026-01-13,002152,其他计算机设备,3.24
2026-01-13,002177,其他计算机设备,-3.38
2026-01-13,002194,通信网络设备及器件,2.76
2026-01-13,002268,其他计算机设备,0.9
2026-01-13,002281,通信网络设备及器件,11.17
2026-01-13,002296,通信网络设备及器件,-2.67
2026-01-13,002338,军工电子,-5.26
2026-01-13,002379,铝,1.33
2026-01-13,002383,军工电子,-4.64
2026-01-13,002396,通信网络设备及器件,3.5
2026-01-13,002413,军工电子,-13.17
2026-01-13,002414,军工电子,1.55
2026-01-13,002583,通信网络设备及器件,0.34
2026-01-13,002796,通信网络设备及器件,3.0
2026-01-13,002879,线缆部件及其他,-0.24
2026-01-13,002970,其他计算机设备,-0.97
2026-01-13,300098,通信网络设备及器件,9.27
2026-01-13,300101,军工电子,-5.87
2026-01-13,300123,军工电子,-1.66
2026-01-13,300130,其他计算机设备,3.95
2026-01-13,300134,通信网络设备及器件,-0.31
2026-01-13,300177,军工电子,-2.19
2026-01-13,300248,其他计算机设备,8.16
2026-01-13,300249,其他计算机设备,3.2
2026-01-13,300252,军工电子,-2.21
2026-01-13,300265,线缆部件及其他,-3.34
2026-01-13,300324,其他计算机设备,3.22
2026-01-13,300337,铝,-8.56
2026-01-13,300397,军工电子,-1.15
2026-01-13,300455,其他计算机设备,-4.86
2026-01-13,300629,军工电子,4.15
2026-01-13,300743,其他计算机设备,-6.7
2026-01-13,300762,军工电子,-1.81
2026-01-13,300807,其他计算机设备,-4.36
2026-01-13,301050,军工电子,-4.98
2026-01-13,301213,军工电子,-7.61
2026-01-13,301302,军工电子,0.04
2026-01-13,301339,其他计算机设备,0.39
2026-01-13,301571,军工电子,-3.72
2026-01-13,600100,其他计算机设备,2.2
2026-01-13,600562,军工电子,-1.93
2026-01-13,600577,线缆部件及其他,-4.6
2026-01-13,600590,军工电子,0.1
2026-01-13,600768,铝,1.61
2026-01-13,600855,军工电子,-4.16
2026-01-13,600973,线缆部件及其他,-4.48
2026-01-13,600990,军工电子,-3.33
2026-01-13,603267,军工电子,-2.45
2026-01-13,603660,其他计算机设备,-1.76
2026-01-13,603678,军工电子,-0.56
2026-01-13,603712,军工电子,2.31
2026-01-13,603876,铝,-3.31
2026-01-13,603897,线缆部件及其他,-1.64
2026-01-13,688002,军工电子,-5.82
2026-01-13,688081,军工电子,2.26
2026-01-13,688132,军工电子,0.83
2026-01-13,688292,其他计算机设备,25.47
2026-01-13,688311,军工电子,-3.54
2026-01-13,688439,军工电子,-1.95
2026-01-13,688522,军工电子,-2.57
2026-01-13,688552,军工电子,-0.21
2026-01-13,688636,军工电子,0.11
2026-01-13,688682,军工电子,-1.61
2026-01-13,688776,军工电子,2.92
2026-01-14,000612,铝,0.86
2026-01-14,002413,军工电子,-11.63
2026-01-14,002792,通信网络设备及器件,-10.01
2026-01-14,002882,线缆部件及其他,0.0
2026-01-14,300045,军工电子,-6.09
2026-01-14,300123,军工电子,-3.83
2026-01-14,300447,军工电子,-2.38
2026-01-14,300807,其他计算机设备,-0.5
2026-01-14,301306,军工电子,-1.29
2026-01-14,603516,其他计算机设备,-2.29
2026-01-14,603876,铝,4.52
2026-01-15,000977,其他计算机设备,-1.76
2026-01-15,000997,其他计算机设备,-5.54
2026-01-15,002152,其他计算机设备,-2.16
2026-01-15,002194,通信网络设备及器件,-2.28
2026-01-15,002396,通信网络设备及器件,-0.55
2026-01-15,300130,其他计算机设备,-2.86
2026-01-15,300248,其他计算机设备,-6.16
2026-01-15,301339,其他计算机设备,-0.45
2026-01-15,301608,其他计算机设备,-0.9
2026-01-15,603496,其他计算机设备,-6.15
2026-01-15,605222,线缆部件及其他,-3.87
2026-01-15,688188,其他计算机设备,-0.78
2026-01-15,688618,通信网络设备及器件,-3.14
2026-01-16,000933,铝,2.57
2026-01-16,002281,通信网络设备及器件,-3.87
2026-01-16,002879,线缆部件及其他,8.46
2026-01-16,300479,其他计算机设备,1.91
2026-01-16,600595,铝,7.68
2026-01-16,603615,其他家居用品,-0.08
2026-01-16,605155,其他家居用品,-3.18
2026-01-16,605196,线缆部件及其他,0.27
2026-01-16,688060,其他计算机设备,-0.11
2026-01-19,300709,消费电子零部件及组装,-3.3
2026-01-19,300757,其他自动化设备,-4.19
2026-01-19,300857,消费电子零部件及组装,-3.33
2026-01-19,301180,消费电子零部件及组装,1.21
2026-01-19,601231,消费电子零部件及组装,-3.57
2026-01-19,603272,其他家居用品,-0.4
2026-01-19,603960,其他自动化设备,-0.43
2026-01-19,605277,消费电子零部件及组装,-1.27
2026-01-19,688003,其他自动化设备,0.12
2026-01-19,688125,其他自动化设备,2.35
2026-01-20,002379,铝,-1.57
2026-01-20,002533,线缆部件及其他,-0.78
2026-01-20,002560,线缆部件及其他,-0.84
2026-01-20,002824,铝,12.05
2026-01-20,002953,线缆部件及其他,-1.59
2026-01-20,300686,消费电子零部件及组装,1.32
2026-01-20,301439,线缆部件及其他,-0.99
2026-01-20,600577,线缆部件及其他,0.98
2026-01-20,603052,消费电子零部件及组装,14.49
2026-01-20,603577,线缆部件及其他,0.0
2026-01-20,603897,线缆部件及其他,-0.11
2026-01-20,605099,其他家居用品,-3.01
2026-01-20,605222,线缆部件及其他,-0.43
2026-01-21,000612,铝,6.1
2026-01-21,002533,线缆部件及其他,0.36
2026-01-21,002606,线缆部件及其他,-0.19
2026-01-21,002692,线缆部件及其他,-0.35
2026-01-21,600219,铝,1.08
2026-01-21,603515,照明设备,0.72
2026-01-21,605222,线缆部件及其他,1.63
2026-01-22,002134,印制电路板,0.04
2026-01-22,300903,印制电路板,8.02
2026-01-22,301486,消费电子零部件及组装,-2.44
2026-01-22,601677,铝,4.56
2026-01-23,002026,金属制品,0.06
2026-01-23,002824,铝,-1.12
2026-01-23,301086,消费电子零部件及组装,-3.88
2026-01-23,301377,金属制品,8.26
2026-01-23,301486,消费电子零部件及组装,-0.62
2026-01-23,301548,金属制品,10.8
2026-01-23,301559,金属制品,-1.8
2026-01-23,600768,铝,-0.42
2026-01-23,603052,消费电子零部件及组装,0.78
2026-01-23,603115,铝,-4.26
2026-01-23,603380,消费电子零部件及组装,-1.7
2026-01-23,603667,金属制品,-5.52
2026-01-23,603699,金属制品,-0.77
2026-01-26,002540,铝,0.13
2026-01-26,300099,能源及重型设备,1.47
2026-01-26,300316,光伏加工设备,3.21
2026-01-26,300943,金属制品,-0.84
2026-01-26,600320,能源及重型设备,-0.76
2026-01-26,601608,能源及重型设备,-0.13
2026-01-26,603303,照明设备,-1.15
2026-01-26,688556,光伏加工设备,-0.58
2026-01-27,000612,铝,6.59
2026-01-27,000933,铝,8.23
2026-01-27,001360,能源及重型设备,10.9
2026-01-27,002483,能源及重型设备,-1.21
2026-01-27,002532,铝,9.16
2026-01-27,002996,铝,5.34
2026-01-27,003038,铝,1.81
2026-01-27,300780,金属制品,-5.72
2026-01-27,300837,能源及重型设备,-0.78
2026-01-27,301268,金属制品,-2.4
2026-01-27,600219,铝,11.74
2026-01-27,600320,能源及重型设备,0.19
2026-01-27,600361,铝,4.49
2026-01-27,600615,铝,0.81
2026-01-27,600768,铝,-2.16
2026-01-27,600888,铝,7.14
2026-01-27,601002,金属制品,-0.36
2026-01-27,601369,能源及重型设备,-0.28
2026-01-27,601388,铝,18.11
2026-01-27,603012,能源及重型设备,0.63
2026-01-27,603135,能源及重型设备,-1.74
2026-01-27,603915,金属制品,-2.52
2026-01-27,688257,金属制品,1.66
2026-01-28,000738,航空装备,-1.54
2026-01-28,002824,铝,-3.54
2026-01-28,002871,金属制品,-4.6
2026-01-28,300696,航空装备,4.14
2026-01-28,300775,航空装备,5.7
2026-01-28,300777,航空装备,-1.57
2026-01-28,300828,金属制品,-4.45
2026-01-28,301377,金属制品,-2.03
2026-01-28,301548,金属制品,-7.87
2026-01-28,600893,航空装备,-3.84
2026-01-28,603028,金属制品,-3.5
2026-01-28,688059,金属制品,-4.34
2026-01-28,688563,航空装备,-4.62
2026-01-29,002150,金属制品,0.0
2026-01-29,002438,金属制品,4.2
2026-01-29,002540,铝,-2.7
2026-01-29,002996,铝,-1.78
2026-01-29,300084,能源及重型设备,-2.44
2026-01-29,300228,金属制品,-0.48
2026-01-29,600361,铝,-5.15
2026-01-29,600595,铝,-8.72
2026-01-29,600860,金属制品,1.52
2026-01-29,600888,铝,-5.91
2026-01-29,603115,铝,-3.03
2026-01-29,603132,铅锌,-9.98
2026-01-29,688059,金属制品,4.07
2026-01-29,688308,金属制品,7.29
2026-01-30,000060,铅锌,0.58
2026-01-30,000612,铝,2.09
2026-01-30,000758,铅锌,0.41
2026-01-30,000807,铝,3.41
2026-01-30,000933,铝,1.41
2026-01-30,001360,能源及重型设备,1.21
2026-01-30,002114,铅锌,1.98
2026-01-30,002160,铝,-6.29
2026-01-30,002353,能源及重型设备,-4.46
2026-01-30,002490,能源及重型设备,-7.16
2026-01-30,002532,铝,2.97
2026-01-30,002540,铝,-1.06
2026-01-30,002552,金属制品,2.48
2026-01-30,002578,铝,4.34
2026-01-30,002667,能源及重型设备,-10.0
2026-01-30,301158,能源及重型设备,3.16
2026-01-30,600219,铝,3.03
2026-01-30,600338,铅锌,2.29
2026-01-30,600361,铝,-2.61
2026-01-30,600497,铅锌,1.81
2026-01-30,600888,铝,0.0
2026-01-30,600961,铅锌,-4.99
2026-01-30,600980,能源及重型设备,-0.29
2026-01-30,601020,铅锌,1.24
2026-01-30,601600,铝,0.69
2026-01-30,601677,铝,2.05
2026-01-30,603308,金属制品,-1.93
2026-01-30,603396,光伏加工设备,-1.03
2026-01-30,688516,光伏加工设备,2.29
2026-02-02,002092,氯碱,2.26
2026-02-02,002438,金属制品,1.48
2026-02-02,600615,铝,0.73
2026-02-02,600618,氯碱,-0.32
2026-02-02,688308,金属制品,-3.65
2026-02-03,600768,铝,-3.19
2026-02-04,300776,光伏加工设备,-8.2
2026-02-04,301326,消费电子零部件及组装,-1.37
2026-02-04,301486,消费电子零部件及组装,-5.62
2026-02-04,601231,消费电子零部件及组装,0.3
2026-02-04,603012,能源及重型设备,0.62
2026-02-04,603052,消费电子零部件及组装,3.52
2026-02-04,603629,消费电子零部件及组装,9.26
2026-02-05,002438,金属制品,2.14
2026-02-05,002730,能源及重型设备,2.37
2026-02-05,300228,金属制品,1.82
2026-02-05,300316,光伏加工设备,5.68
2026-02-05,300724,光伏加工设备,8.66
2026-02-05,300776,光伏加工设备,6.49
2026-02-05,300843,消费电子零部件及组装,9.38
2026-02-05,300943,金属制品,-2.07
2026-02-05,301086,消费电子零部件及组装,1.56
2026-02-05,301326,消费电子零部件及组装,2.13
2026-02-05,601369,能源及重型设备,0.28
2026-02-05,603396,光伏加工设备,13.43
2026-02-05,688355,金属制品,2.1
2026-02-06,000039,金属制品,2.48
2026-02-06,002824,铝,-2.59
2026-02-06,002931,金属制品,-1.89
2026-02-06,600421,金属制品,1.71
2026-02-09,002810,其他化学制品,-2.15
2026-02-10,002802,其他化学制品,1.73
2026-02-10,300535,其他化学制品,0.69
2026-02-10,301387,消费电子零部件及组装,-4.28
2026-02-10,301486,消费电子零部件及组装,4.11
2026-02-10,601231,消费电子零部件及组装,2.64
2026-02-11,000586,通信线缆及配套,-1.94
2026-02-11,002334,工控设备,1.52
2026-02-11,301266,光伏辅材,-3.24
2026-02-11,603626,消费电子零部件及组装,1.12
2026-02-11,603806,光伏辅材,-1.07
2026-02-11,688143,通信线缆及配套,-1.27
2026-02-11,688350,其他化学制品,0.38
2026-02-12,001358,其他化学制品,0.33
2026-02-12,002623,光伏辅材,-4.78
2026-02-12,002802,其他化学制品,0.58
2026-02-12,300787,消费电子零部件及组装,-0.08
2026-02-12,301266,光伏辅材,-2.18
2026-02-12,603065,其他化学制品,0.79
2026-02-12,603867,其他化学制品,-1.53
2026-02-12,605366,其他化学制品,-2.06
2026-02-12,688398,其他化学制品,3.01
2026-02-13,002455,其他化学制品,2.2
2026-02-13,002810,其他化学制品,0.46
2026-02-13,002957,工控设备,-2.67
2026-02-13,601869,通信线缆及配套,5.26
2026-02-13,603629,消费电子零部件及组装,-5.1
2026-02-13,603867,其他化学制品,2.85
2026-02-13,605277,消费电子零部件及组装,-0.12
2026-02-24,000070,通信线缆及配套,2.24
2026-02-24,002655,消费电子零部件及组装,-2.7
2026-02-24,300857,消费电子零部件及组装,-1.57
2026-02-24,301051,消费电子零部件及组装,-2.1
2026-02-24,301285,消费电子零部件及组装,-2.04
2026-02-24,301326,消费电子零部件及组装,-2.32
2026-02-24,603626,消费电子零部件及组装,5.06
2026-02-25,002911,燃气,-0.99
2026-02-25,301291,配电设备,0.25
2026-02-25,688179,其他化学制品,2.72
2026-02-25,688659,其他化学制品,0.54
2026-02-26,300405,其他化学制品,-1.21
2026-02-26,600273,其他化学制品,2.97
2026-02-26,600500,其他化学制品,1.74
2026-02-26,600527,其他纺织,-0.86
2026-02-26,603065,其他化学制品,-1.6
2026-02-26,603255,其他化学制品,-3.95
2026-02-27,002346,配电设备,-2.75
2026-02-27,002441,配电设备,-2.07
2026-02-27,300932,配电设备,-0.07
2026-02-27,603055,其他纺织,0.94
2026-02-27,603181,其他化学制品,1.5
2026-02-27,605366,其他化学制品,9.83
2026-03-02,000962,其他小金属,-10.46
2026-03-02,002428,其他小金属,-10.83
2026-03-02,300405,其他化学制品,-6.36
2026-03-02,301361,配电设备,-2.9
2026-03-02,600456,其他小金属,-10.09
2026-03-02,603070,配电设备,1.12
2026-03-03,300877,其他纺织,8.13
2026-03-03,600487,通信线缆及配套,4.26
2026-03-03,600522,通信线缆及配套,4.49
2026-03-03,601869,通信线缆及配套,2.7
2026-03-03,603867,其他化学制品,1.53
2026-03-03,605289,其他专业工程,4.97
2026-03-03,688357,其他化学制品,2.96
2026-03-03,688398,其他化学制品,1.3
2026-03-04,002144,其他纺织,0.79
2026-03-04,002971,其他化学制品,-1.19
2026-03-05,002491,通信线缆及配套,-7.46
2026-03-05,300819,其他纺织,-8.64
2026-03-05,603042,通信线缆及配套,-3.41
2026-03-05,603861,配电设备,-3.92
2026-03-06,002350,配电设备,4.03
2026-03-06,300072,其他化学制品,-9.9
2026-03-06,300877,其他纺织,0.22
2026-03-06,301021,激光设备,-4.74
2026-03-06,603861,配电设备,0.8
2026-03-06,688196,其他化学制品,-13.58
2026-03-10,600527,其他纺织,4.24
2026-03-10,603055,其他纺织,1.33
2026-03-10,603507,风电零部件,2.94
2026-03-10,603985,风电零部件,-1.33
2026-03-11,000534,其他生物制品,-4.39
